transaction_id,user_id,amount,email,category,payment_method,region,transaction_date,status,quantity,discount_pct,tax_amount,merchant_id,currency,batch
T00293,U734,2448.62,user734@corp.net,Electronics,debit_card,EU-North,2024-09-03,completed,10,29.0,129.08,M7386,EUR,v1
T00631,U230,3080.99,user230@enterprise.com,Travel,credit_card,EU-North,2023-06-04,completed,3,20.9,195.79,M9775,GBP,v2
T00079,U881,1579.87,user881@datamail.co,Travel,crypto,MEA,2023-06-03,PENDING,5,18.1,96.26,M6447,GBP,v1
T00114,U223,3014.12,user223@company.io,Clothing,credit_card,LATAM,2023-02-28,completed,9,15.4,303.12,M9071,USD,v1
T00175,U787,612.56,user787@enterprise.com,Groceries,gift_card,EU-Central,2024-01-12,failed,1,17.5,88.14,M7273,GBP,v1
T00423,U581,2553.05,user581@datamail.co,Home & Garden,crypto,MEA,2024-03-05,completed,8,4.5,138.55,M6055,CAD,v1
T00761,U537,3740.06,user537@biz.net,Home & Garden,gift_card,US-East,2024-03-02,completed,10,27.5,401.47,M7795,USD,v2
T00507,U546,4051.25,user546@enterprise.com,Education,credit_card,LATAM,2023-10-27,completed,3,13.7,711.05,M7699,USD,v2
T01078,U994,3385.7,user994@company.io,Gaming,crypto,US-East,2024-04-15,pending,8,2.7,290.78,M1478,EUR,v2
T01056,U849,3466.29,user849@techfirm.org,Electronics,crypto,EU-Central,2023-01-30,pending,3,11.1,224.65,M4421,USD,v2
T01173,U240,1125.0,user240@gmail.com,Healthcare,paypal,APAC,2024-04-14,pending,3,13.0,150.54,M3337,USD,v2
T00329,U120,880.15,user120@datamail.co,Travel,paypal,MEA,2023-01-30,completed,5,0.3,144.9,M5205,CAD,v1
T00610,U762,4469.63,user762@enterprise.com,Electronics,paypal,EU-Central,2023-04-20,completed,4,0.6,324.76,M3718,INR,v2
T00933,U263,2136.89,user263@corp.net,Home & Garden,paypal,APAC,2024-04-24,pending,5,12.1,264.37,M6670,GBP,v2
T00738,U929,4158.75,user929@biz.net,Gaming,debit_card,MEA,2023-04-14,completed,2,8.6,423.96,M6490,EUR,v2
T00732,U515,2656.62,user515@techfirm.org,Gaming,gift_card,EU-Central,2023-02-20,completed,9,2.2,357.67,M9023,USD,v2
T00701,U196,3438.43,user196@enterprise.com,Electronics,credit_card,US-West,2023-01-21,pending,2,22.1,187.3,,GBP,v2
T00169,U932,-89.82,user932@biz.net,Education,gift_card,EU-Central,2023-02-08,pending,1,0.4,175.16,M6969,USD,v1
T00322,U231,30488.39,user231@yahoo.com,Travel,crypto,MEA,2023-10-21,completed,7,0.0,72.94,M4633,USD,v1
T01099,U834,1146.7,user834@enterprise.com,Home & Garden,bank_transfer,CA-East,2023-05-18,completed,10,13.2,88.9,M7257,GBP,v2
T00362,U912,4113.3,user912@techfirm.org,Groceries,paypal,EU-Central,2024-04-10,refunded,1,14.9,270.09,M3763,USD,v1
T00910,U737,790.1,user737@hotmail.com,Clothing,credit_card,US-East,2023-02-03,pending,3,21.0,76.15,M9755,INR,v2
T00606,U556,1915.85,user556@biz.net,Travel,paypal,APAC,2023-08-25,refunded,7,27.5,229.27,M5121,INR,v2
T00129,U107,2624.3,user107@company.io,Gaming,gift_card,LATAM,2023-06-18,failed,8,28.1,363.15,M9602,USD,v1
T00108,U465,1900.24,user465@datamail.co,Electronics,gift_card,EU-North,2024-06-26,completed,3,12.8,273.25,M6103,USD,v1
T00524,U541,54.41,user541@datamail.co,Travel,paypal,CA-East,2023-02-08,completed,4,11.7,3.98,M9391,USD,v2
T00044,U197,2475.28,user197@techfirm.org,Finance,paypal,EU-Central,2023-06-19,completed,8,20.9,412.78,M9727,USD,v1
T01170,U203,590.86,user203@corp.net,Electronics,paypal,CA-East,2024-02-21,pending,5,8.9,33.14,M7807,GBP,v2
T00765,U790,567.24,user790@company.io,Home & Garden,gift_card,LATAM,2024-02-23,failed,6,28.5,43.8,M6341,GBP,v2
T00416,U182,2634.16,user182@datamail.co,Subscriptions,credit_card,APAC,2024-03-15,completed,4,28.3,274.1,M4121,CAD,v1
T01032,U746,1564.14,user746@datamail.co,Travel,bank_transfer,APAC,2023-02-16,completed,8,9.1,269.65,M2225,GBP,v2
T00655,U119,30488.39,user119@gmail.com,Education,bank_transfer,MEA,2023-02-07,pending,3,3.8,635.44,M5907,CAD,v2
T01094,U221,4483.11,user221@biz.net,Education,paypal,APAC,2023-03-23,completed,2,8.2,741.08,M7028,USD,v2
T00537,U940,1777.08,user940@techfirm.org,Healthcare,debit_card,EU-North,2023-03-27,refunded,4,28.8,118.03,M3538,GBP,v2
T00443,U134,4409.2,user134@gmail.com,Electronics,credit_card,US-East,2024-09-13,failed,8,10.6,722.28,M1649,USD,v1
T00221,U449,3019.94,user449@biz.net,Clothing,bank_transfer,LATAM,2023-12-30,completed,3,14.2,404.41,M2259,INR,v1
T00788,U201,2357.71,user201@biz.net,Electronics,paypal,EU-Central,2023-06-09,pending,7,19.0,251.04,M7897,GBP,v2
T00199,U214,2979.8,user214@datamail.co,Gaming,gift_card,CA-East,2024-01-22,completed,4,28.1,411.14,M9203,USD,v1
T00926,U195,1378.04,user195@enterprise.com,Gaming,gift_card,EU-Central,2024-07-05,completed,5,2.7,229.68,M3730,USD,v2
T00377,U635,3854.78,user635@gmail.com,Home & Garden,bank_transfer,EU-North,2023-04-19,completed,10,17.8,413.55,M8656,CAD,v1
T00232,U523,1534.39,user523@yahoo.com,Education,credit_card,EU-North,2023-07-22,completed,1,0.3,270.93,M6162,USD,v1
T00535,U230,178.59,user230@corp.net,Finance,paypal,CA-East,2023-05-19,completed,5,0.1,24.54,M9100,USD,v2
T00680,U871,1761.28,user871@biz.net,Home & Garden,debit_card,EU-North,2024-03-21,completed,7,24.9,162.41,M8253,USD,v2
T00719,U732,1624.36,user732@company.io,Clothing,credit_card,CA-East,2024-02-27,failed,6,26.0,138.21,M9524,GBP,v2
T00309,U185,2953.63,user185@company.io,Groceries,credit_card,CA-East,2023-09-02,completed,5,26.3,297.25,M9719,USD,v1
T00102,U636,152.09,user636@company.io,Subscriptions,crypto,CA-East,2023-06-11,completed,1,3.9,10.45,M9071,USD,v1
T00600,U133,637.02,user133@outlook.com,Finance,crypto,EU-Central,2024-08-15,completed,2,7.7,69.72,M4349,INR,v2
T00079,U881,1579.87,user881@datamail.co,Travel,crypto,MEA,2023-06-03,PENDING,5,18.1,96.26,M6447,GBP,v1
T00619,U973,2675.97,user973@company.io,Electronics,credit_card,APAC,2024-07-26,completed,2,3.8,308.49,M6166,USD,v2
T00050,U997,4260.44,user997@gmail.com,Education,gift_card,MEA,2024-01-18,pending,5,2.5,766.82,M9705,INR,v1
T00940,U457,1616.76,user457@biz.net,Groceries,debit_card,EU-North,2024-07-11,completed,6,16.9,99.48,M3996,USD,v2
T00747,U332,4088.6,user332@hotmail.com,Healthcare,gift_card,MEA,2024-08-02,completed,7,27.2,624.66,M7517,USD,v2
T00244,U983,538.66,user983@company.io,Groceries,credit_card,EU-North,2024-03-04,refunded,1,12.1,80.67,M3983,EUR,v1
T00860,U351,1970.81,user351@outlook.com,Groceries,gift_card,US-West,2024-03-26,failed,9,8.6,181.28,M8210,USD,v2
T00932,U316,413.75,user316@corp.net,Subscriptions,bank_transfer,LATAM,2023-05-19,pending,10,21.5,50.21,M9571,CAD,v2
T01176,U298,1300.75,user298@hotmail.com,Groceries,debit_card,US-East,2023-02-12,failed,2,4.8,109.18,M1389,INR,v2
T01080,U247,3084.32,user247@outlook.com,Subscriptions,credit_card,APAC,2023-12-17,completed,9,26.1,334.21,M7153,USD,v2
T00771,U981,1937.88,user981@hotmail.com,Groceries,crypto,APAC,,refunded,4,27.4,332.48,M9243,EUR,v2
T00064,U480,1445.55,user480@gmail.com,Electronics,crypto,US-East,2023-02-16,completed,9,26.3,80.26,M8991,USD,v1
T00782,U677,2131.91,user677@biz.net,Finance,gift_card,EU-North,2023-02-16,completed,6,3.6,130.12,M7517,GBP,v2
T00045,U173,9.58,user173@company.io,Education,paypal,EU-Central,2024-06-21,completed,8,24.7,0.99,M8487,EUR,v1
T00351,U170,1903.59,user170@outlook.com,Finance,credit_card,US-West,2023-07-22,pending,7,19.9,247.07,M1027,CAD,v1
T00951,U699,3856.81,,Travel,debit_card,LATAM,2024-07-26,completed,9,10.7,443.31,M2070,INR,v2
T00486,U762,1347.28,user762@outlook.com,Clothing,bank_transfer,APAC,2024-01-23,completed,8,2.7,122.42,M4226,USD,v1
T00324,U939,2197.13,user939@datamail.co,Healthcare,crypto,LATAM,2023-10-09,completed,3,10.6,121.94,M7146,GBP,v1
T00255,U466,1199.82,user466@outlook.com,Groceries,bank_transfer,APAC,2023-10-25,completed,9,28.7,143.51,M6500,GBP,v1
T00567,U652,253.55,user652@company.io,Electronics,bank_transfer,US-East,2023-11-25,failed,8,10.7,27.68,M2035,GBP,v2
T00922,U780,1256.27,user780@outlook.com,Home & Garden,crypto,LATAM,2024-06-27,completed,5,3.9,105.47,M4019,USD,v2
T00278,U463,3758.37,user463@company.io,Home & Garden,credit_card,US-East,2023-01-20,completed,4,16.7,313.8,M6011,EUR,v1
T00124,U511,3530.09,user511@datamail.co,Subscriptions,crypto,EU-North,2023-08-17,failed,7,22.1,288.53,M3586,USD,v1
T00077,U114,2292.9,user114@hotmail.com,Electronics,gift_card,CA-East,2024-03-11,pending,9,27.2,247.97,M7361,USD,v1
T00219,U187,2849.31,user187@techfirm.org,Subscriptions,bank_transfer,EU-Central,2024-08-05,failed,4,15.7,511.6,M4851,USD,v1
T00495,U824,504.9,user824@company.io,Groceries,gift_card,US-East,2024-08-18,completed,6,17.2,61.06,M3998,USD,v1
T01101,,3556.66,user794@company.io,Gaming,credit_card,LATAM,2023-07-15,refunded,2,0.8,362.36,M4315,USD,v2
T01145,U427,4414.98,user427@techfirm.org,Healthcare,debit_card,APAC,2023-05-18,COMPLETED,3,16.5,598.47,M8620,CAD,v2
T00399,U462,474.01,user462@enterprise.com,Finance,paypal,US-East,2024-05-29,completed,3,15.9,61.67,M6844,INR,v1
T00582,U481,497.64,user481@outlook.com,Healthcare,gift_card,LATAM,2023-07-26,failed,2,8.9,72.83,M9956,INR,v2
T00297,U289,2336.75,user289@biz.net,Home & Garden,gift_card,EU-North,2024-03-04,completed,7,5.9,185.31,M4828,CAD,v1
T00366,U639,246.98,user639@enterprise.com,Education,paypal,CA-East,2024-06-28,failed,4,6.5,33.62,M7215,USD,v1
T00815,U420,1314.23,user420@outlook.com,Groceries,paypal,LATAM,2024-02-20,completed,5,19.9,72.42,M7940,USD,v2
T00429,U309,236.82,user309@biz.net,Gaming,credit_card,US-East,2023-08-04,completed,10,19.7,25.34,M4963,USD,v1
T00267,U423,452.75,user423@techfirm.org,Clothing,crypto,APAC,2024-05-29,completed,10,28.8,32.77,M5516,USD,v1
T00498,U917,-89.82,user917@yahoo.com,Gaming,debit_card,APAC,2023-05-24,completed,9,23.1,191.83,M1594,USD,v1
T00962,U762,4370.66,user762@outlook.com,Electronics,crypto,APAC,2023-12-15,completed,1,8.9,259.32,M7341,GBP,v2
T01000,U907,-89.82,user907@enterprise.com,Education,credit_card,LATAM,2024-06-26,completed,6,4.0,108.15,M8611,EUR,v2
T01082,U709,3815.75,user709@corp.net,Finance,crypto,APAC,2024-05-09,completed,8,21.7,325.49,M4331,USD,v2
T00234,U333,2414.96,user333@yahoo.com,Gaming,paypal,US-West,2023-03-03,failed,5,8.1,199.14,M5947,CAD,v1
T00071,U887,3860.55,user887@enterprise.com,Education,paypal,EU-Central,2024-09-26,completed,10,23.8,420.18,M8381,CAD,v1
T00549,U755,13.82,user755@datamail.co,Subscriptions,crypto,EU-North,2023-07-28,completed,10,17.6,2.08,M9082,INR,v2
T00024,U277,4342.03,user277@company.io,Finance,bank_transfer,MEA,2024-06-17,pending,10,12.7,442.92,M2674,INR,v1
T00156,U170,168.64,user170@biz.net,Education,gift_card,LATAM,2024-05-05,completed,10,25.1,20.83,M1864,USD,v1
T00948,U835,74.44,user835@gmail.com,Clothing,credit_card,MEA,2023-05-06,pending,7,8.0,4.42,M5249,USD,v2
T00059,U171,502.22,user171@corp.net,Finance,credit_card,APAC,2023-09-15,completed,8,9.5,70.79,M8443,EUR,v1
T00431,U819,4473.79,user819@datamail.co,Electronics,gift_card,LATAM,2023-10-15,failed,2,0.6,358.96,M7421,USD,v1
T00971,U959,4232.82,user959@yahoo.com,Groceries,credit_card,EU-Central,2023-11-12,completed,6,9.4,502.09,M5895,EUR,v2
T00644,U164,984.17,user164@corp.net,Education,gift_card,CA-East,2023-07-30,completed,8,4.6,164.89,M5526,USD,v2
T00345,U216,619.36,user216@hotmail.com,Groceries,credit_card,CA-East,2024-02-20,failed,4,0.6,43.12,M3883,USD,v1
T00632,U894,1091.24,user894@outlook.com,Gaming,paypal,LATAM,2023-06-12,failed,6,27.2,100.97,M9604,CAD,v2
T00082,U430,3927.18,user430@techfirm.org,Groceries,gift_card,EU-North,2023-01-20,pending,3,7.2,482.91,M5152,USD,v1
T00378,U558,3955.43,user558@outlook.com,Travel,debit_card,EU-Central,2023-04-26,pending,8,30.0,356.06,M8817,GBP,v1
T01040,U206,3704.18,user206@biz.net,Travel,paypal,LATAM,2024-03-17,completed,3,8.6,572.64,M8548,CAD,v2
T00671,,536.48,user877@corp.net,Home & Garden,bank_transfer,US-West,2024-01-20,Refunded,3,14.0,86.97,M3314,CAD,v2
T00310,U610,281.96,user610@hotmail.com,Healthcare,crypto,EU-Central,2023-04-28,refunded,10,13.6,25.82,M8393,INR,v1
T00554,U329,678.7,user329@corp.net,Groceries,credit_card,LATAM,2024-02-01,completed,6,15.1,40.88,M7169,USD,v2
T00885,U960,2629.23,user960@hotmail.com,Education,credit_card,EU-Central,2023-06-16,completed,7,8.3,460.69,M5323,INR,v2
T00197,U988,2754.38,user988@corp.net,Electronics,gift_card,EU-Central,2023-11-16,refunded,3,7.1,487.29,M9985,INR,v1
T00343,U946,3151.67,user946@techfirm.org,Clothing,gift_card,MEA,2024-01-11,refunded,3,16.5,174.19,M6050,GBP,v1
T00894,U412,1692.39,user412@biz.net,Finance,debit_card,EU-North,2024-03-19,failed,8,0.3,208.47,M7380,USD,v2
T00171,U440,3164.21,user440@gmail.com,Subscriptions,bank_transfer,CA-East,2024-07-17,completed,8,17.1,286.38,M9600,USD,v1
T00241,U518,3382.77,user518@company.io,Finance,debit_card,EU-Central,2023-11-12,pending,2,6.0,478.59,M6287,GBP,v1
T00052,U510,3419.77,user510@techfirm.org,Finance,credit_card,MEA,2024-08-14,completed,7,5.7,437.39,M1893,USD,v1
T00480,U487,3573.79,user487@yahoo.com,Healthcare,bank_transfer,LATAM,2023-11-06,completed,10,0.8,574.32,M7795,USD,v1
T00666,U754,770.49,user754@gmail.com,Education,paypal,LATAM,2023-03-28,completed,2,7.0,102.54,M2282,EUR,v2
T00819,U951,4432.97,user951@techfirm.org,Clothing,debit_card,EU-North,2024-08-06,pending,7,16.1,361.24,M5819,USD,v2
T01149,U247,339.37,user247@yahoo.com,Travel,bank_transfer,US-East,2023-10-15,completed,1,22.8,38.93,M9488,EUR,v2
T00440,U943,1829.6,user943@corp.net,Groceries,debit_card,US-East,2023-01-27,completed,9,23.4,148.54,M3097,USD,v1
T01198,U803,1361.99,user803@yahoo.com,Clothing,debit_card,LATAM,2024-01-08,refunded,5,12.1,187.94,M1140,EUR,v2
T01129,U775,1889.93,user775@datamail.co,Finance,paypal,LATAM,2024-08-25,completed,3,2.2,253.5,M6407,GBP,v2
T00381,U976,1289.08,user976@biz.net,Healthcare,crypto,APAC,2024-08-21,refunded,2,1.5,91.13,M3944,INR,v1
T01106,U176,3438.25,user176@outlook.com,Gaming,bank_transfer,MEA,2023-01-23,completed,7,17.8,546.35,M3401,CAD,v2
T00055,U882,3630.63,user882@techfirm.org,Finance,gift_card,MEA,2023-05-19,refunded,4,17.7,585.03,M3120,EUR,v1
T01011,U348,1580.85,user348@enterprise.com,Finance,credit_card,EU-North,2023-06-11,pending,5,13.5,215.21,M4316,EUR,v2
T01002,U186,0.0,user186@outlook.com,Clothing,gift_card,CA-East,2023-03-23,completed,7,9.0,390.73,M8808,EUR,v2
T00783,U136,1073.6,user136@enterprise.com,Groceries,paypal,US-East,2024-07-22,completed,1,2.5,74.67,M6561,USD,v2
T00057,U583,2331.16,user583@datamail.co,Gaming,credit_card,US-East,32-01-2024,completed,3,14.3,121.58,M2607,INR,v1
T00087,U549,2722.59,user549@gmail.com,Clothing,credit_card,EU-Central,2023-03-17,completed,6,19.4,449.36,M3124,GBP,v1
T00661,U237,4161.58,user237@company.io,Gaming,gift_card,EU-Central,2024-04-19,failed,8,11.8,307.54,M1002,USD,v2
T00711,U503,3609.46,,Electronics,crypto,LATAM,2023-03-15,completed,10,17.8,586.9,M2253,USD,v2
T00110,U679,641.28,user679@datamail.co,Healthcare,paypal,US-West,2023-04-21,refunded,6,17.0,107.6,M3189,INR,v1
T00616,U113,3714.8,user113@yahoo.com,Healthcare,crypto,US-East,2023-12-07,completed,7,1.9,302.58,M9876,USD,v2
T00372,U471,581.29,user471@datamail.co,Groceries,credit_card,EU-North,2023-12-25,failed,5,7.5,36.78,M1038,USD,v1
T01012,U628,1743.9,user628@hotmail.com,Home & Garden,debit_card,CA-East,2023-03-08,completed,9,24.6,266.21,M9375,EUR,v2
T01046,U767,1817.67,user767@gmail.com,Home & Garden,debit_card,US-East,2023-02-20,completed,6,13.4,182.05,M7807,CAD,v2
T00462,U851,745.8,user851@company.io,Education,crypto,MEA,2023-08-24,completed,6,27.5,75.42,M6719,USD,v1
T00877,U168,1851.23,user168@company.io,Travel,gift_card,US-West,2023-03-29,completed,7,7.8,103.23,M5702,USD,v2
T00248,U891,1186.25,user891@hotmail.com,Education,gift_card,US-East,2023-07-21,failed,3,12.4,153.71,M7359,INR,v1
T00652,U138,2171.18,user138@outlook.com,Gaming,credit_card,US-East,2023-12-24,refunded,9,10.8,147.26,M2182,GBP,v2
T00436,U401,-89.82,user401@hotmail.com,Clothing,crypto,LATAM,2023-08-02,failed,8,8.0,191.62,M1898,USD,v1
T00266,U319,2753.97,user319@gmail.com,Finance,crypto,CA-East,2024-04-02,refunded,8,17.7,363.8,M4951,USD,v1
T00542,U815,3179.77,user815@gmail.com,Subscriptions,debit_card,EU-North,2024-07-24,completed,5,8.0,432.48,M4397,INR,v2
T00430,U658,1118.14,user658@biz.net,Clothing,crypto,US-West,2023-10-25,completed,8,18.0,111.09,M8085,GBP,v1
T00931,U642,1257.4,user642@outlook.com,Healthcare,bank_transfer,LATAM,2023-06-12,refunded,9,1.3,179.74,M4970,INR,v2
T01090,U794,3771.06,user794@biz.net,Electronics,debit_card,US-East,2024-06-23,completed,3,3.7,587.12,M6217,USD,v2
T00391,U459,1860.77,user459@gmail.com,Clothing,credit_card,APAC,2023-12-21,completed,4,5.6,198.94,M2546,INR,v1
T00428,U956,3631.19,user956@gmail.com,Healthcare,bank_transfer,US-East,2024-08-06,pending,10,3.7,295.39,M5352,USD,v1
T00715,U167,970.12,user167@yahoo.com,Home & Garden,bank_transfer,US-East,2024-02-22,failed,8,29.8,135.9,M9458,INR,v2
T00842,U749,134.61,user749@enterprise.com,Gaming,debit_card,US-West,2024-06-28,refunded,1,13.4,21.6,M6944,USD,v2
T00299,U800,404.05,user800@gmail.com,Electronics,gift_card,US-West,2023-01-27,failed,8,25.1,66.2,M3326,GBP,v1
T01158,U581,2218.1,user581@gmail.com,Gaming,paypal,EU-Central,2024-03-28,pending,5,23.8,297.05,M7004,USD,v2
T00781,U451,-89.82,user451@datamail.co,Gaming,debit_card,US-East,2024-06-30,completed,3,28.9,263.21,M8234,INR,v2
T01001,U407,749.26,user407@gmail.com,Travel,bank_transfer,US-East,2024-07-04,completed,3,21.0,37.59,M6122,USD,v2
T00590,U558,2586.45,user558@company.io,Groceries,debit_card,US-East,2023-04-04,completed,7,1.2,169.9,M3280,GBP,v2
T01190,U320,2994.33,user320@yahoo.com,Electronics,gift_card,US-East,2023-03-07,completed,1,22.1,173.4,M2090,USD,v2
T00979,U749,2871.87,user749@outlook.com,Groceries,paypal,LATAM,2024-01-19,pending,1,24.8,408.27,M2522,INR,v2
T00546,U512,30488.39,user512@hotmail.com,Clothing,gift_card,EU-North,2023-11-22,pending,5,14.6,229.93,M2679,CAD,v2
T00452,U259,0.0,user259@hotmail.com,Healthcare,paypal,US-West,2023-09-04,completed,2,4.5,185.6,M2108,GBP,v1
T00406,U717,3498.51,user717@outlook.com,Education,debit_card,US-East,2023-12-17,completed,7,28.3,396.5,M5055,CAD,v1
T00421,U619,4265.82,user619@gmail.com,Travel,debit_card,APAC,2023-10-05,completed,1,7.2,688.06,M6162,GBP,v1
T00992,U851,2136.48,user851@gmail.com,Education,bank_transfer,US-East,2024-04-10,completed,9,13.4,315.81,M5246,USD,v2
T00944,U443,3544.7,user443@yahoo.com,Travel,crypto,US-West,2023-03-10,failed,5,21.3,440.28,,USD,v2
T00989,U412,182.32,user412@techfirm.org,Groceries,debit_card,LATAM,2024-09-13,completed,5,4.3,32.53,M6810,USD,v2
T00222,U811,3471.08,user811@hotmail.com,Groceries,credit_card,EU-Central,,pending,10,1.5,273.41,M6094,USD,v1
T00193,U382,1173.09,user382@datamail.co,Electronics,paypal,EU-Central,2024-09-24,failed,3,14.1,98.36,M8675,INR,v1
T00848,U953,4451.62,user953@outlook.com,Travel,credit_card,EU-North,2023-03-31,completed,1,14.0,477.95,M9502,USD,v2
T00694,U119,2188.78,user119@biz.net,Gaming,debit_card,EU-North,2024-07-30,completed,9,11.7,220.66,M8369,EUR,v2
T00011,U653,1246.77,user653@datamail.co,Travel,credit_card,CA-East,2023-03-14,COMPLETED,1,22.1,63.77,M2790,GBP,v1
T00148,U985,1954.22,user985@company.io,Electronics,crypto,CA-East,2023-02-02,completed,5,29.5,290.51,M3291,EUR,v1
T00520,U676,401.41,user676@corp.net,Travel,gift_card,US-East,2023-08-18,refunded,4,22.8,60.97,M4545,USD,v2
T00978,U968,-89.82,user968@gmail.com,Travel,bank_transfer,EU-Central,2023-03-31,completed,4,18.4,455.74,,EUR,v2
T00463,U710,3272.2,user710@corp.net,Education,bank_transfer,APAC,,completed,5,13.9,285.17,M8738,EUR,v1
T00746,U277,529.25,user277@enterprise.com,Education,paypal,US-West,2023-12-30,refunded,10,12.9,39.37,M4792,EUR,v2
T00873,U771,2587.65,user771@hotmail.com,Education,credit_card,EU-North,2024-08-05,completed,1,22.0,319.68,M8546,EUR,v2
T00210,U182,1852.82,user182@company.io,Groceries,crypto,MEA,2023-11-30,failed,1,2.8,103.43,M3988,EUR,v1
T00737,U684,3682.52,user684@outlook.com,Finance,gift_card,LATAM,2023-11-26,refunded,9,23.2,569.78,M4095,USD,v2
T00849,U188,711.6,user188@enterprise.com,Electronics,bank_transfer,EU-Central,2024-02-23,completed,6,17.8,121.79,M9587,USD,v2
T00466,U950,2885.47,user950@company.io,Education,credit_card,MEA,2023-03-07,completed,8,4.6,285.21,M7398,USD,v1
T00276,U633,3031.84,user633@company.io,Healthcare,paypal,EU-North,2024-02-21,failed,3,22.1,326.83,M3168,USD,v1
T00754,U888,425.12,,Clothing,gift_card,APAC,2023-07-22,FAILED,5,5.6,23.15,M2941,INR,v2
T00967,U371,361.69,user371@outlook.com,Healthcare,crypto,LATAM,2023-06-10,completed,4,29.5,51.74,M7729,USD,v2
T00353,U151,515.29,user151@biz.net,Travel,debit_card,MEA,2024-07-11,pending,6,24.8,79.3,,CAD,v1
T00618,U315,1185.69,user315@hotmail.com,Travel,paypal,US-West,2024-08-29,refunded,9,15.0,85.4,M9477,USD,v2
T00807,,2342.86,user251@enterprise.com,Finance,gift_card,EU-Central,2023-07-04,refunded,8,18.3,324.93,M9634,CAD,v2
T00313,U746,2079.51,user746@outlook.com,Finance,paypal,LATAM,2023-01-16,completed,2,16.7,222.61,M5020,INR,v1
T00136,U587,1017.13,user587@yahoo.com,Electronics,bank_transfer,EU-Central,2024-01-15,completed,2,16.3,171.38,M2763,USD,v1
T00209,U880,3226.28,user880@biz.net,Electronics,gift_card,US-West,2023-01-26,completed,10,4.7,488.1,M4429,INR,v1
T00845,U314,3791.63,user314@gmail.com,Gaming,crypto,US-West,2024-03-25,completed,7,24.1,251.17,M1885,INR,v2
T00494,U334,4346.92,user334@techfirm.org,Electronics,credit_card,EU-North,2023-05-14,Pending,1,29.2,496.15,M4408,USD,v1
T00599,U615,3833.91,user615@gmail.com,Finance,debit_card,CA-East,2024-04-21,failed,3,10.3,628.01,M5761,GBP,v2
T01133,U923,0.0,user923@yahoo.com,Electronics,paypal,EU-Central,2024-08-20,completed,6,28.6,78.68,M6162,EUR,v2
T00291,U579,3476.82,user579@gmail.com,Electronics,bank_transfer,EU-Central,2023-03-07,failed,1,23.4,614.14,M2937,EUR,v1
T00159,U716,1546.8,user716@biz.net,Home & Garden,paypal,EU-Central,2023-07-25,completed,6,5.3,191.61,M3574,EUR,v1
T00141,U681,3053.41,user681@datamail.co,Education,bank_transfer,LATAM,2023-06-25,refunded,1,20.5,490.87,M8409,INR,v1
T01033,U682,2423.87,user682@company.io,Travel,paypal,CA-East,2023-03-05,completed,6,9.2,295.12,M5743,CAD,v2
T00298,U366,2729.22,user366@techfirm.org,Education,gift_card,APAC,2024-09-25,refunded,5,28.9,271.39,M2778,USD,v1
T00662,U144,1230.03,user144@gmail.com,Education,gift_card,US-West,,completed,4,29.4,129.53,M8078,GBP,v2
T00972,U965,877.74,user965@yahoo.com,Clothing,bank_transfer,EU-Central,2024-02-10,completed,10,2.0,88.86,M9349,USD,v2
T01073,U275,2203.63,user275@hotmail.com,Gaming,credit_card,US-East,2023-10-17,failed,7,14.0,372.74,M2125,EUR,v2
T00768,U363,2482.17,user363@hotmail.com,Healthcare,paypal,US-West,2024-09-10,completed,9,1.8,397.66,M2906,INR,v2
T00713,U557,3090.43,user557@biz.net,Home & Garden,gift_card,MEA,2023-12-08,completed,3,2.1,175.4,M4452,USD,v2
T01025,U500,3453.65,user500@gmail.com,Education,paypal,EU-Central,2024-04-07,completed,8,0.3,238.09,,EUR,v2
T00622,U632,1371.38,user632@yahoo.com,Groceries,crypto,CA-East,2024-05-11,completed,3,4.8,118.08,M6845,USD,v2
T01137,U625,3497.33,user625@company.io,Travel,bank_transfer,US-West,2024-01-31,completed,10,24.5,233.33,M8811,USD,v2
T01166,U827,1322.35,user827@gmail.com,Finance,gift_card,EU-North,2023-02-06,failed,10,11.4,209.18,M8402,USD,v2
T00623,U226,-89.82,user226@corp.net,Subscriptions,bank_transfer,US-West,2024-02-03,completed,8,13.7,166.06,M3756,GBP,v2
T00211,U215,3984.06,user215@gmail.com,Education,credit_card,EU-North,2023-03-12,failed,4,9.2,347.1,M9349,INR,v1
T00583,U634,3912.68,user634@yahoo.com,Travel,debit_card,APAC,2023-01-26,completed,6,20.1,443.74,M9984,USD,v2
T00185,U616,576.86,user616@datamail.co,Gaming,credit_card,EU-North,2024-04-28,pending,6,7.4,64.03,M2670,EUR,v1
T00271,U499,4061.01,user499@datamail.co,Electronics,credit_card,CA-East,2023-05-24,refunded,5,7.4,308.03,M8291,CAD,v1
T00260,U420,1247.7,user420@yahoo.com,Clothing,credit_card,US-East,2023-11-30,failed,3,2.0,95.32,M6726,USD,v1
T00164,U204,133.49,user204@outlook.com,Groceries,debit_card,US-East,2024-04-30,pending,9,22.0,11.91,M8916,GBP,v1
T00893,U572,1095.56,user572@biz.net,Gaming,paypal,EU-Central,2024-07-09,pending,3,25.6,77.21,M9336,GBP,v2
T00995,U462,2025.63,user462@yahoo.com,Gaming,credit_card,EU-Central,2024-09-15,failed,1,12.4,364.58,M1694,CAD,v2
T00157,U702,2643.59,user702@gmail.com,Home & Garden,debit_card,US-West,2024-09-22,completed,9,21.3,293.6,M3655,USD,v1
T00852,U607,1105.53,user607@enterprise.com,Electronics,crypto,LATAM,2023-03-19,completed,4,6.0,177.07,M1523,USD,v2
T00614,U294,3813.71,user294@biz.net,Subscriptions,gift_card,US-East,2024-02-12,completed,1,19.1,459.78,M7926,GBP,v2
T00368,U138,2401.07,user138@enterprise.com,Gaming,gift_card,APAC,2024-04-11,completed,7,10.4,404.41,M4955,CAD,v1
T00562,U792,2016.53,user792@company.io,Home & Garden,gift_card,US-West,2023-02-28,pending,2,2.8,111.37,M7565,EUR,v2
T00200,U732,1778.72,user732@enterprise.com,Gaming,credit_card,US-East,2024-05-01,completed,6,29.3,316.34,M7999,USD,v1
T00974,U163,4042.76,user163@gmail.com,Home & Garden,paypal,EU-North,2024-08-24,refunded,4,23.6,527.81,M8402,USD,v2
T00999,U706,3934.22,user706@company.io,Healthcare,credit_card,APAC,2024-09-28,failed,8,0.5,417.25,M9644,USD,v2
T01055,U159,4383.82,user159@techfirm.org,Healthcare,bank_transfer,EU-North,2024-06-28,completed,8,11.0,549.43,M4014,CAD,v2
T00718,U950,2128.67,user950@yahoo.com,Healthcare,bank_transfer,US-West,2024-08-23,refunded,4,12.1,138.0,M7883,CAD,v2
T00328,U751,530.85,user751@gmail.com,Gaming,credit_card,APAC,2023-06-03,completed,10,8.5,87.53,M3989,USD,v1
T00334,U471,3384.36,user471@gmail.com,Home & Garden,paypal,LATAM,2023-09-04,refunded,5,18.8,287.0,M7293,GBP,v1
T00911,U154,2565.11,user154@outlook.com,Subscriptions,debit_card,EU-Central,2023-03-15,completed,7,8.3,297.71,M5723,INR,v2
T01066,U585,2675.42,user585@yahoo.com,Healthcare,credit_card,EU-Central,2023-07-01,refunded,4,22.2,254.5,M3166,INR,v2
T01199,U460,0.0,user460@biz.net,Healthcare,debit_card,APAC,2023-08-04,Completed,2,11.7,496.79,M3399,INR,v2
T00245,U349,2543.48,user349@datamail.co,Subscriptions,credit_card,EU-Central,2024-01-22,failed,3,10.1,301.6,M6559,EUR,v1
T00468,U976,1041.76,user976@hotmail.com,Groceries,paypal,US-East,2024-05-16,completed,1,21.1,183.62,M4806,USD,v1
T01182,U893,3346.4,user893@enterprise.com,Electronics,crypto,EU-Central,2023-08-28,refunded,6,28.6,406.91,M8671,CAD,v2
T00304,U277,2425.52,user277@enterprise.com,Healthcare,credit_card,LATAM,2023-08-03,completed,7,24.9,341.91,M2735,CAD,v1
T01061,U950,944.47,user950@techfirm.org,Subscriptions,credit_card,CA-East,2024-02-08,completed,6,9.4,80.09,M2876,USD,v2
T00786,U662,571.74,user662@hotmail.com,Travel,credit_card,EU-North,2023-03-16,completed,10,11.7,75.69,M1825,EUR,v2
T01179,U409,3080.08,user409@corp.net,Subscriptions,crypto,EU-North,2024-06-14,completed,7,11.4,351.37,M2875,EUR,v2
T00295,U460,3830.67,user460@outlook.com,Healthcare,crypto,US-West,2023-08-25,completed,3,25.0,389.58,M5985,CAD,v1
T00594,U791,701.58,user791@enterprise.com,Groceries,credit_card,LATAM,2023-09-14,completed,4,19.2,109.38,M7197,INR,v2
T00552,U914,4074.86,user914@biz.net,Travel,debit_card,US-West,2023-07-06,completed,9,22.7,407.02,M1883,USD,v2
T01107,U820,30488.39,user820@outlook.com,Healthcare,paypal,APAC,2024-06-10,completed,2,8.4,246.72,,INR,v2
T00097,U707,3085.25,user707@corp.net,Subscriptions,gift_card,APAC,2023-02-04,completed,4,5.1,485.39,M8321,INR,v1
T00917,U350,1495.65,user350@datamail.co,Electronics,crypto,APAC,2023-03-12,refunded,6,19.4,129.97,M3828,USD,v2
T00875,U564,2878.55,user564@enterprise.com,Subscriptions,debit_card,CA-East,2024-01-20,completed,3,20.1,352.21,M3055,CAD,v2
T00179,U482,1509.47,user482@biz.net,Gaming,paypal,EU-North,2024-05-05,pending,5,4.1,106.34,M2954,CAD,v1
T00032,U560,3175.87,user560@datamail.co,Travel,credit_card,CA-East,2024-04-04,failed,7,21.8,402.66,M2575,USD,v1
T00382,U116,373.38,user116@biz.net,Clothing,gift_card,US-East,2024-08-19,refunded,2,19.6,55.39,M2835,INR,v1
T01020,U724,1469.58,user724@gmail.com,Home & Garden,crypto,MEA,2024-08-08,refunded,7,14.5,219.98,M3480,USD,v2
T00364,U619,4426.37,user619@hotmail.com,Gaming,debit_card,CA-East,2023-03-21,pending,10,21.6,231.49,M9898,USD,v1
T00595,U504,27.27,user504@biz.net,Gaming,crypto,CA-East,2024-07-02,failed,3,8.3,4.26,M9797,GBP,v2
T01104,U131,3342.63,user131@techfirm.org,Home & Garden,bank_transfer,EU-Central,2024-03-16,refunded,5,6.7,438.24,M1418,GBP,v2
T00947,U602,3412.82,user602@techfirm.org,Education,bank_transfer,US-East,2023-07-15,failed,3,4.7,609.64,M2915,INR,v2
T00395,U832,1615.33,user832@datamail.co,Healthcare,credit_card,APAC,2024-01-14,failed,9,0.3,115.58,M2220,GBP,v1
T01024,U172,3446.57,user172@biz.net,Clothing,crypto,US-West,2024-08-18,refunded,8,18.0,298.99,M3608,CAD,v2
T00817,U612,1844.08,user612@enterprise.com,Finance,crypto,APAC,2023-07-07,completed,1,12.4,103.09,M7943,USD,v2
T00089,U152,3733.8,user152@biz.net,Finance,credit_card,US-East,2023-03-26,completed,2,22.8,431.01,M4876,EUR,v1
T00919,U346,-89.82,user346@gmail.com,Groceries,credit_card,EU-Central,2024-07-17,failed,10,14.5,311.02,M2337,INR,v2
T00707,U523,3445.05,user523@corp.net,Healthcare,paypal,US-West,2024-02-28,failed,8,6.2,337.77,M6632,USD,v2
T00383,U782,760.87,user782@gmail.com,Finance,bank_transfer,EU-North,2023-12-06,completed,7,18.3,135.97,M6148,USD,v1
T01003,U594,4498.45,user594@hotmail.com,Education,credit_card,MEA,2024-09-28,completed,8,19.9,376.16,M8672,USD,v2
T00433,U213,4144.22,user213@biz.net,Groceries,crypto,EU-North,2023-04-01,refunded,1,7.8,685.36,M6021,EUR,v1
T00651,U709,1743.19,user709@biz.net,Subscriptions,paypal,EU-Central,2024-05-09,completed,5,29.0,153.28,M2845,USD,v2
T00740,U741,-89.82,user741@corp.net,Travel,paypal,EU-Central,2023-08-24,completed,2,24.5,79.53,M4598,USD,v2
T00333,U549,1559.9,user549@hotmail.com,Finance,paypal,CA-East,2023-12-26,refunded,3,20.1,238.51,M1045,USD,v1
T00060,U765,515.99,user765@gmail.com,Subscriptions,credit_card,US-East,2023-01-27,completed,8,12.3,62.25,M4889,GBP,v1
T00290,U333,4210.33,user333@gmail.com,Electronics,bank_transfer,CA-East,2023-06-24,completed,7,14.6,561.83,M7622,INR,v1
T01114,U328,4091.87,user328@hotmail.com,Groceries,paypal,EU-North,2023-12-01,pending,1,21.0,454.67,M4852,INR,v2
T00804,U911,2215.6,user911@hotmail.com,Finance,credit_card,APAC,2024-07-14,refunded,10,20.6,183.13,M8631,USD,v2
T00487,U599,4486.75,user599@datamail.co,Clothing,bank_transfer,CA-East,2024-08-13,completed,8,16.2,342.53,M4651,INR,v1
T00645,U168,499.23,user168@outlook.com,Home & Garden,credit_card,EU-Central,2023-05-04,failed,9,28.3,68.12,M1721,GBP,v2
T00667,U879,2720.79,user879@techfirm.org,Electronics,bank_transfer,US-East,2024-03-20,completed,4,7.0,420.01,M3676,USD,v2
T00927,,3733.09,user671@company.io,Education,bank_transfer,EU-Central,2023-11-21,failed,9,19.5,276.4,M3980,INR,v2
T00840,U814,3531.52,user814@enterprise.com,Electronics,credit_card,EU-North,2023-01-15,refunded,10,29.8,273.1,M5274,USD,v2
T00287,U794,661.47,user794@yahoo.com,Subscriptions,paypal,US-East,2023-03-23,failed,6,28.6,112.55,M4694,USD,v1
T00696,U445,3952.72,user445@gmail.com,Groceries,paypal,MEA,2024-05-20,refunded,9,20.9,521.13,M7305,INR,v2
T00797,U491,549.56,user491@yahoo.com,Electronics,credit_card,LATAM,2024-06-26,completed,6,26.0,61.79,M9561,USD,v2
T01092,U751,30488.39,user751@yahoo.com,Travel,debit_card,EU-Central,2024-07-03,pending,2,13.9,251.68,M2729,EUR,v2
T00084,U956,433.79,user956@datamail.co,Electronics,paypal,EU-North,2024-01-18,completed,5,12.8,59.01,M7662,USD,v1
T00130,U367,2256.01,user367@gmail.com,Clothing,gift_card,EU-Central,2023-07-04,completed,4,7.3,308.21,M9314,GBP,v1
T00668,U518,4209.11,,Travel,debit_card,EU-North,2023-03-16,pending,4,0.2,226.52,M1479,GBP,v2
T00356,U929,2802.69,user929@enterprise.com,Subscriptions,crypto,US-East,2023-01-31,completed,1,15.8,225.22,M3876,USD,v1
T00959,U318,847.15,user318@company.io,Home & Garden,debit_card,MEA,2023-06-06,completed,8,13.8,60.11,M4313,INR,v2
T00478,U880,3932.24,user880@corp.net,Healthcare,bank_transfer,LATAM,2024-06-08,completed,7,24.1,649.37,M1590,USD,v1
T00261,U505,2229.78,user505@outlook.com,Finance,crypto,LATAM,2024-01-07,completed,4,22.0,295.81,M7286,USD,v1
T00693,U907,1633.65,user907@yahoo.com,Groceries,bank_transfer,EU-Central,2023-02-26,Completed,4,15.9,117.73,M2887,USD,v2
T00755,U268,336.77,user268@hotmail.com,Healthcare,credit_card,LATAM,2023-07-29,completed,8,28.0,55.74,M5759,CAD,v2
T00936,U215,4438.33,user215@outlook.com,Clothing,bank_transfer,CA-East,2023-01-24,failed,3,15.1,465.31,M3436,USD,v2
T00589,U343,4384.59,user343@hotmail.com,Home & Garden,gift_card,US-West,2024-03-16,failed,6,23.7,502.42,M7772,USD,v2
T00139,U220,4288.97,user220@yahoo.com,Healthcare,paypal,APAC,2024-06-03,completed,9,16.7,329.78,M3683,GBP,v1
T00985,U522,2041.93,user522@datamail.co,Education,credit_card,MEA,2024-09-08,completed,10,21.8,221.02,M7417,USD,v2
T00142,U197,2153.83,user197@corp.net,Finance,bank_transfer,US-West,2024-03-04,completed,1,12.0,346.22,M8008,EUR,v1
T00579,U462,4271.71,user462@enterprise.com,Subscriptions,crypto,LATAM,2024-08-17,Failed,6,7.8,328.46,M5708,USD,v2
T00426,U871,2187.11,user871@datamail.co,Gaming,debit_card,APAC,2024-07-27,completed,1,27.7,281.18,M1925,USD,v1
T00412,U653,1129.88,user653@corp.net,Electronics,gift_card,CA-East,2023-05-06,completed,9,22.7,150.04,M1845,GBP,v1
T00140,U758,2783.54,user758@techfirm.org,Travel,gift_card,APAC,2023-05-13,failed,2,0.7,456.79,M9999,GBP,v1
T00705,,-89.82,user388@company.io,Travel,crypto,US-West,2023-09-28,completed,6,19.9,127.59,M6035,USD,v2
T00895,U607,235.12,user607@outlook.com,Travel,credit_card,CA-East,2024-07-20,failed,3,22.3,25.08,M6254,EUR,v2
T00225,U831,2232.19,user831@hotmail.com,Subscriptions,bank_transfer,EU-North,2024-03-13,pending,5,4.6,271.96,M1517,USD,v1
T00402,U109,128.31,user109@yahoo.com,Healthcare,debit_card,MEA,2024-09-29,completed,6,8.3,22.95,M7399,EUR,v1
T00275,U581,853.51,user581@outlook.com,Travel,bank_transfer,EU-North,2023-04-23,refunded,1,5.6,110.77,M4036,EUR,v1
T00307,U952,2797.97,user952@company.io,Gaming,gift_card,CA-East,2024-09-05,completed,1,13.6,160.32,M4705,USD,v1
T00425,U590,1931.88,user590@yahoo.com,Home & Garden,credit_card,LATAM,2023-01-07,refunded,5,15.6,198.47,M9190,INR,v1
T00359,U604,1933.68,user604@yahoo.com,Finance,gift_card,MEA,2023-11-19,completed,5,14.8,232.9,M1111,CAD,v1
T00775,U458,980.91,user458@techfirm.org,Finance,crypto,MEA,2023-01-03,completed,5,0.3,174.66,M4081,GBP,v2
T00543,U526,4158.36,user526@biz.net,Subscriptions,debit_card,EU-Central,2024-06-12,failed,4,6.6,576.72,M6927,USD,v2
T00839,U660,696.84,user660@yahoo.com,Education,gift_card,EU-Central,2023-02-12,pending,9,5.3,70.69,M2629,USD,v2
T00890,U823,4133.09,user823@techfirm.org,Clothing,paypal,MEA,2023-01-08,completed,9,6.8,248.72,M7952,EUR,v2
T00708,U128,2757.31,user128@biz.net,Healthcare,credit_card,MEA,2023-05-21,completed,1,21.2,271.21,M1840,INR,v2
T00799,U625,4493.05,user625@gmail.com,Subscriptions,crypto,LATAM,2024-05-05,refunded,10,10.0,298.15,M3508,CAD,v2
T00866,U326,4372.25,user326@gmail.com,Education,crypto,US-East,2023-08-09,completed,5,13.0,495.95,M6183,USD,v2
T00611,U346,3460.62,user346@hotmail.com,Education,credit_card,US-West,2024-07-31,pending,2,28.6,488.13,M8624,USD,v2
T00773,U486,1177.04,user486@datamail.co,Finance,paypal,APAC,2023-06-22,completed,5,29.3,141.94,M3904,EUR,v2
T01083,U466,1095.7,user466@techfirm.org,Finance,gift_card,EU-Central,2023-11-08,failed,7,17.6,179.37,M2490,INR,v2
T00733,,4261.5,user828@hotmail.com,Healthcare,credit_card,MEA,2023-06-26,completed,8,14.6,443.58,M5604,CAD,v2
T00744,U128,1124.16,user128@hotmail.com,Education,gift_card,APAC,2023-07-10,pending,7,16.3,190.7,M8681,EUR,v2
T00674,U225,3079.85,user225@corp.net,Finance,gift_card,EU-North,2024-07-20,completed,4,5.5,321.06,M9073,USD,v2
T01117,U104,3478.72,user104@outlook.com,Travel,bank_transfer,US-East,2024-01-03,pending,3,14.5,481.11,M6061,USD,v2
T00332,U917,59.3,user917@yahoo.com,Finance,bank_transfer,US-East,2023-10-03,PENDING,10,20.9,2.99,M1054,EUR,v1
T00040,U823,140.71,user823@enterprise.com,Education,debit_card,MEA,2023-05-13,COMPLETED,5,24.4,22.3,M6063,USD,v1
T00031,U948,2522.79,user948@hotmail.com,Subscriptions,paypal,APAC,2023-02-23,failed,9,16.1,297.32,M6998,INR,v1
T00243,U935,3273.46,user935@hotmail.com,Finance,credit_card,EU-Central,2023-04-01,failed,4,29.2,258.42,M3390,USD,v1
T01110,U352,901.33,user352@biz.net,Electronics,paypal,EU-Central,2023-04-24,failed,4,17.6,68.16,M6896,GBP,v2
T00137,U628,3217.23,user628@datamail.co,Education,crypto,APAC,2024-04-01,completed,5,18.3,523.25,M8656,EUR,v1
T00311,U808,2740.69,user808@datamail.co,Education,paypal,CA-East,2024-04-16,completed,6,10.6,192.23,M3419,USD,v1
T01031,U175,3660.62,user175@datamail.co,Groceries,debit_card,CA-East,32-01-2024,refunded,8,3.5,306.34,M2819,CAD,v2
T00454,U422,1115.0,user422@company.io,Groceries,credit_card,LATAM,2024-02-02,refunded,2,26.7,179.21,M6006,USD,v1
T01091,U383,301.52,user383@yahoo.com,Gaming,paypal,APAC,2024-01-05,completed,4,8.5,50.16,M5794,CAD,v2
T00004,U436,3824.6,user436@yahoo.com,Finance,bank_transfer,US-West,2024-07-04,completed,5,13.3,577.47,M2990,USD,v1
T00112,U576,3870.52,user576@techfirm.org,Groceries,gift_card,APAC,2023-05-02,completed,3,14.5,341.79,M6463,USD,v1
T01036,U359,41.01,user359@enterprise.com,Clothing,debit_card,EU-North,2023-04-15,pending,2,19.8,6.02,M3156,GBP,v2
T01067,U111,1064.39,user111@datamail.co,Travel,crypto,MEA,2023-01-24,completed,2,13.6,60.47,M1289,USD,v2
T00439,U941,3569.22,user941@biz.net,Groceries,gift_card,CA-East,2023-05-05,completed,8,16.0,578.16,M7032,INR,v1
T00874,U408,428.72,user408@biz.net,Healthcare,gift_card,EU-North,2023-10-12,Completed,4,15.9,21.51,M7749,CAD,v2
T00789,U818,3352.71,user818@company.io,Subscriptions,credit_card,MEA,2024-08-22,completed,7,23.7,443.99,M6612,CAD,v2
T00592,U349,19.91,user349@company.io,Groceries,credit_card,LATAM,2024-08-31,completed,6,21.5,2.4,M4934,USD,v2
T00315,U744,1599.87,user744@biz.net,Gaming,debit_card,LATAM,2023-01-02,failed,4,5.7,285.23,M7136,EUR,v1
T00261,U505,2229.78,user505@outlook.com,Finance,crypto,LATAM,2024-01-07,completed,4,22.0,295.81,M7286,USD,v1
T00320,U519,1274.66,user519@enterprise.com,Healthcare,paypal,EU-North,2023-10-12,pending,4,21.5,152.12,M4638,GBP,v1
T00414,U150,2865.78,user150@gmail.com,Travel,credit_card,US-West,2023-09-22,completed,3,22.4,231.77,M8244,GBP,v1
T00725,U473,776.62,user473@hotmail.com,Groceries,crypto,MEA,2023-10-19,completed,5,19.2,65.18,M6016,USD,v2
T00006,U135,239.79,user135@gmail.com,Healthcare,bank_transfer,US-West,2023-09-20,pending,10,20.6,13.73,M8725,CAD,v1
T00101,U829,1533.2,user829@datamail.co,Healthcare,paypal,MEA,2023-09-24,completed,7,17.8,260.28,M5010,GBP,v1
T00677,U266,2045.47,,Finance,crypto,CA-East,2023-04-16,completed,10,27.8,206.98,M6729,USD,v2
T00539,U514,2122.01,user514@yahoo.com,Healthcare,debit_card,US-West,2023-11-12,failed,2,22.2,254.24,M9665,CAD,v2
T00544,U352,1494.21,user352@enterprise.com,Subscriptions,gift_card,EU-North,2024/13/01,failed,6,5.4,266.95,M3529,USD,v2
T00862,U691,2987.31,user691@enterprise.com,Gaming,paypal,EU-Central,2023-02-25,pending,2,6.1,353.4,M2547,USD,v2
T00869,U799,4174.04,user799@hotmail.com,Travel,crypto,US-East,2023-06-25,failed,5,24.0,714.34,M5724,USD,v2
T00728,U843,1636.52,user843@enterprise.com,Home & Garden,crypto,CA-East,2023-08-02,pending,10,17.3,128.91,M2314,INR,v2
T00528,U241,622.55,user241@corp.net,Finance,debit_card,MEA,2023-04-10,completed,2,4.0,107.15,M7285,INR,v2
T00228,U642,1806.63,user642@yahoo.com,Groceries,bank_transfer,APAC,2023-03-07,completed,6,9.5,236.7,M5808,USD,v1
T00729,U865,264.12,user865@enterprise.com,Electronics,credit_card,EU-North,2023-04-01,completed,1,11.0,35.18,M5247,EUR,v2
T01102,U664,4285.22,user664@datamail.co,Finance,bank_transfer,US-East,2024-01-10,COMPLETED,3,15.2,324.45,M3248,GBP,v2
T00678,U244,4323.85,user244@outlook.com,Clothing,crypto,APAC,2024-01-12,refunded,3,16.6,396.84,M9144,INR,v2
T00424,U231,2474.72,user231@company.io,Home & Garden,paypal,MEA,2024-08-03,refunded,10,2.5,283.9,M9549,USD,v1
T00067,U653,1263.54,user653@outlook.com,Finance,bank_transfer,MEA,2024-05-20,pending,8,20.3,207.12,M9774,GBP,v1
T00068,U661,4045.64,user661@enterprise.com,Education,crypto,APAC,2023-05-09,pending,8,9.7,348.86,M8379,USD,v1
T00585,U710,2205.6,user710@corp.net,Groceries,crypto,EU-Central,2023-11-10,completed,8,6.8,250.26,M3416,USD,v2
T00212,U411,1598.24,user411@outlook.com,Clothing,bank_transfer,EU-North,2024-05-23,completed,1,14.2,144.7,M5202,EUR,v1
T00013,U998,3728.23,user998@enterprise.com,Subscriptions,paypal,US-West,2024-06-20,completed,6,27.4,562.45,M7032,CAD,v1
T00905,U581,4297.49,user581@outlook.com,Travel,debit_card,MEA,2024-07-10,completed,6,11.6,449.15,M1245,EUR,v2
T00925,U221,4208.02,user221@hotmail.com,Healthcare,bank_transfer,MEA,2024-07-04,pending,2,0.4,252.02,M8137,EUR,v2
T00300,U979,4203.42,user979@corp.net,Education,crypto,APAC,2023-06-30,refunded,7,19.3,217.62,M3119,USD,v1
T00465,U638,3944.66,user638@hotmail.com,Groceries,credit_card,US-West,2024-06-23,completed,6,4.0,269.84,M9057,USD,v1
T01132,U409,2311.06,user409@datamail.co,Home & Garden,paypal,MEA,2023-04-07,failed,7,19.5,292.08,M1646,USD,v2
T01109,U497,4209.23,user497@company.io,Clothing,gift_card,MEA,2023-05-01,completed,1,22.4,279.54,M8446,INR,v2
T00794,U123,2601.25,user123@yahoo.com,Travel,crypto,LATAM,2024-04-07,failed,10,24.7,256.88,M1097,CAD,v2
T00630,U552,4025.64,user552@corp.net,Gaming,crypto,US-East,2024-03-08,Completed,2,2.4,474.18,M5577,EUR,v2
T01172,,2580.86,user603@datamail.co,Home & Garden,debit_card,EU-North,2023-04-16,completed,4,10.8,450.3,M9249,USD,v2
T00859,U198,2661.59,user198@biz.net,Healthcare,gift_card,LATAM,2023-03-04,COMPLETED,5,22.5,262.0,M7973,INR,v2
T00851,U733,1030.89,user733@corp.net,Clothing,credit_card,MEA,2024-03-05,completed,4,18.8,88.7,M1411,USD,v2
T00736,U863,2365.61,,Gaming,credit_card,EU-Central,2023-09-27,refunded,5,28.6,216.78,M3582,EUR,v2
T01154,U411,1158.58,user411@company.io,Finance,crypto,US-West,2024-04-18,completed,5,12.1,168.38,M6004,GBP,v2
T00739,U396,2595.37,user396@outlook.com,Clothing,gift_card,CA-East,2024-04-05,completed,2,25.0,430.49,M2611,USD,v2
T00574,U152,3129.52,user152@gmail.com,Electronics,bank_transfer,EU-Central,2023-02-26,pending,2,26.8,533.01,M6185,GBP,v2
T00274,U320,2195.33,user320@hotmail.com,Healthcare,gift_card,LATAM,2024-02-11,refunded,4,27.6,216.38,M4814,USD,v1
T00757,U910,2047.08,user910@techfirm.org,Electronics,crypto,EU-North,2024-08-14,PENDING,1,6.8,132.96,M6748,USD,v2
T00363,U394,764.2,user394@corp.net,Healthcare,gift_card,US-West,2023-04-19,failed,3,3.2,121.44,M7308,INR,v1
T00238,U754,1323.32,user754@company.io,Gaming,credit_card,APAC,2023-07-20,Completed,10,4.2,180.42,M8887,INR,v1
T00550,U488,2295.38,user488@enterprise.com,Finance,credit_card,EU-North,2024-01-10,refunded,6,28.2,215.07,M1545,CAD,v2
T00003,U580,926.37,user580@hotmail.com,Clothing,credit_card,EU-North,2024-07-27,completed,10,21.1,55.51,M4474,INR,v1
T00007,U808,2947.06,user808@outlook.com,Subscriptions,crypto,US-West,2023-01-18,refunded,8,27.5,501.22,M7807,GBP,v1
T00993,U327,2423.23,user327@gmail.com,Subscriptions,gift_card,EU-Central,2024-03-16,completed,1,11.8,229.64,M6480,INR,v2
T00312,U857,4002.04,user857@datamail.co,Gaming,crypto,LATAM,2023-03-17,completed,9,4.5,249.17,M5949,GBP,v1
T01062,U497,3074.07,user497@yahoo.com,Finance,gift_card,APAC,2024-04-28,completed,10,12.4,467.2,M2232,USD,v2
T00448,U601,4353.44,user601@gmail.com,Clothing,paypal,MEA,2024-06-10,pending,1,26.0,475.61,M4356,GBP,v1
T00712,U208,4160.96,user208@gmail.com,Healthcare,credit_card,CA-East,,pending,4,1.0,627.93,M2815,EUR,v2
T01100,U882,166.62,user882@yahoo.com,Home & Garden,credit_card,CA-East,2024-07-29,completed,10,13.9,14.87,M9676,INR,v2
T00216,U922,4497.31,user922@biz.net,Travel,gift_card,LATAM,2024-07-13,pending,6,10.3,553.58,M3394,USD,v1
T01147,U573,3170.52,,Finance,gift_card,APAC,2024-04-05,refunded,4,3.3,535.25,M8895,USD,v2
T00028,U465,4265.25,user465@company.io,Groceries,debit_card,LATAM,2024-03-12,failed,1,14.2,269.17,M8072,USD,v1
T01192,U880,4079.54,user880@biz.net,Healthcare,bank_transfer,US-East,2023-08-13,completed,6,4.5,456.94,M5945,CAD,v2
T00410,U917,1251.35,user917@yahoo.com,Gaming,paypal,US-West,2023-02-23,completed,1,27.9,222.82,M3585,USD,v1
T00584,U662,936.38,user662@datamail.co,Electronics,debit_card,MEA,2024-08-29,completed,9,8.7,138.4,M6425,EUR,v2
T01197,U561,289.84,user561@corp.net,Subscriptions,gift_card,LATAM,2024-03-21,refunded,5,24.5,51.51,M3785,EUR,v2
T00515,U811,1123.76,user811@hotmail.com,Home & Garden,crypto,MEA,2023-09-06,completed,6,7.3,138.15,M4204,USD,v2
T00514,U598,3582.27,user598@enterprise.com,Home & Garden,debit_card,APAC,2023-04-13,refunded,2,11.1,499.81,M4800,USD,v2
T01138,U606,763.99,user606@company.io,Groceries,paypal,CA-East,2023-06-29,completed,3,11.0,56.06,M8786,USD,v2
T00568,U696,2851.62,user696@biz.net,Home & Garden,crypto,APAC,2023-04-12,completed,9,23.9,329.57,M2347,GBP,v2
T00355,U815,2139.26,user815@hotmail.com,Home & Garden,credit_card,EU-Central,2023-12-19,refunded,8,0.8,112.03,M4583,USD,v1
T01084,U957,2083.57,user957@company.io,Home & Garden,gift_card,EU-Central,2023-10-01,completed,6,3.3,117.67,M2816,INR,v2
T01125,U361,3600.54,user361@biz.net,Subscriptions,credit_card,APAC,2023-06-27,completed,7,3.7,271.62,M4626,USD,v2
T00257,U121,4080.14,user121@biz.net,Electronics,bank_transfer,APAC,2024-06-21,pending,6,15.0,550.59,M3581,USD,v1
T00292,U120,2285.6,user120@corp.net,Groceries,credit_card,US-East,2023-09-25,completed,6,13.6,127.75,M7938,USD,v1
T00026,U708,1376.53,user708@company.io,Gaming,crypto,CA-East,2024-08-04,completed,10,2.3,127.99,M7114,INR,v1
T00337,U580,3079.55,user580@corp.net,Finance,gift_card,US-East,2024-09-28,completed,4,1.5,244.77,M9623,USD,v1
T00523,U861,4279.3,user861@biz.net,Subscriptions,gift_card,EU-Central,,failed,8,16.1,457.51,M9643,USD,v2
T00048,U412,3108.56,user412@company.io,Healthcare,credit_card,EU-North,2023-01-20,completed,9,14.3,434.63,M6621,CAD,v1
T00319,U151,1552.44,user151@outlook.com,Subscriptions,paypal,EU-Central,2024-08-08,completed,6,15.0,119.95,M7345,USD,v1
T00107,U272,3234.47,user272@datamail.co,Education,paypal,EU-Central,2024-06-23,failed,9,29.5,180.93,M2471,USD,v1
T01041,U854,2124.77,user854@hotmail.com,Gaming,crypto,US-East,2024-03-30,failed,9,26.5,339.79,M9489,EUR,v2
T00056,U224,2954.36,user224@techfirm.org,Electronics,gift_card,LATAM,2023-07-19,failed,4,11.7,394.26,M9016,CAD,v1
T00555,U519,2779.66,user519@techfirm.org,Travel,crypto,CA-East,2024-02-04,refunded,7,27.2,369.39,M4104,CAD,v2
T00214,U810,3232.47,user810@outlook.com,Home & Garden,crypto,EU-Central,2024-02-22,refunded,9,16.6,196.64,M6884,EUR,v1
T00121,U849,3625.88,user849@biz.net,Groceries,crypto,US-West,2023-02-23,pending,9,19.1,582.79,M7421,GBP,v1
T00598,U338,3618.41,user338@biz.net,Gaming,debit_card,MEA,2023-02-18,refunded,5,10.7,271.97,M6923,USD,v2
T00576,U140,3781.96,user140@techfirm.org,Clothing,credit_card,CA-East,2023-06-29,completed,6,27.0,514.28,M9860,GBP,v2
T00553,U557,1756.15,user557@enterprise.com,Clothing,credit_card,US-East,2024-08-09,pending,9,26.5,232.67,M8137,GBP,v2
T00073,U752,1926.45,user752@yahoo.com,Electronics,debit_card,MEA,2023-08-02,failed,2,23.7,223.48,M1619,USD,v1
T00411,U555,1228.44,user555@hotmail.com,Travel,credit_card,MEA,2023-12-24,completed,8,18.2,164.55,M4588,USD,v1
T01010,U823,4416.46,,Healthcare,crypto,EU-Central,2023-12-07,completed,6,20.0,385.16,M3251,USD,v2
T01120,U756,351.35,user756@company.io,Travel,gift_card,MEA,2023-01-02,refunded,9,23.0,58.5,M3147,USD,v2
T00536,U730,3677.31,user730@enterprise.com,Gaming,crypto,EU-Central,2023-09-09,completed,9,19.2,637.65,M6798,INR,v2
T00990,U370,617.07,user370@outlook.com,Clothing,gift_card,EU-Central,2024-02-12,refunded,7,20.3,97.61,M1655,USD,v2
T00992,U851,2136.48,user851@gmail.com,Education,bank_transfer,US-East,2024-04-10,completed,9,13.4,315.81,M5246,USD,v2
T00837,U485,2351.67,user485@techfirm.org,Subscriptions,credit_card,MEA,2023-07-06,completed,9,17.4,409.85,M9232,INR,v2
T01028,U711,705.86,user711@corp.net,Healthcare,debit_card,EU-North,2024-01-05,completed,4,12.7,103.24,M4986,USD,v2
T00597,U975,3868.16,user975@enterprise.com,Clothing,debit_card,EU-North,2024-08-07,completed,7,29.0,300.43,M7266,GBP,v2
T01054,U616,1076.9,user616@outlook.com,Subscriptions,bank_transfer,US-West,2023-03-16,failed,5,26.8,175.12,M5817,USD,v2
T00534,U187,4040.23,user187@datamail.co,Education,bank_transfer,US-West,2023-02-26,failed,3,2.9,224.6,M3662,INR,v2
T00326,U399,1492.79,user399@yahoo.com,Clothing,bank_transfer,APAC,2024-01-25,completed,10,15.6,99.38,M4808,USD,v1
T00760,U251,581.6,user251@datamail.co,Groceries,credit_card,EU-Central,2023-10-12,completed,6,8.4,96.94,M5114,USD,v2
T00988,,1758.86,user882@biz.net,Healthcare,paypal,US-West,2023-01-10,completed,9,17.9,110.58,M6012,INR,v2
T00317,U910,2536.74,user910@gmail.com,Subscriptions,credit_card,EU-Central,2023-04-28,pending,10,23.1,212.61,M9837,USD,v1
T00843,U865,2056.06,user865@techfirm.org,Gaming,gift_card,APAC,2023-11-03,failed,5,25.0,292.54,M4184,USD,v2
T00886,U733,2445.11,user733@outlook.com,Gaming,bank_transfer,LATAM,2024-04-27,completed,8,3.1,402.56,M6161,EUR,v2
T00561,U360,378.94,user360@gmail.com,Travel,paypal,CA-East,2024-09-27,REFUNDED,6,7.1,61.14,M4593,GBP,v2
T00742,U811,3263.22,user811@enterprise.com,Home & Garden,debit_card,US-West,,completed,8,11.9,275.33,M5531,CAD,v2
T01136,U295,4490.84,user295@techfirm.org,Subscriptions,crypto,MEA,2024-07-20,completed,5,13.2,726.92,,USD,v2
T00483,U310,2556.83,user310@enterprise.com,Home & Garden,debit_card,CA-East,2023-05-31,completed,8,20.2,406.67,M3583,EUR,v1
T00812,U309,2624.71,user309@datamail.co,Healthcare,bank_transfer,APAC,,completed,5,4.8,349.83,M2805,EUR,v2
T00061,U346,1345.76,user346@datamail.co,Home & Garden,bank_transfer,LATAM,2023-04-21,pending,1,22.4,93.78,M4023,USD,v1
T00434,U160,265.0,user160@techfirm.org,Home & Garden,bank_transfer,EU-North,2023-06-06,completed,2,23.6,27.38,M9927,EUR,v1
T00766,U372,748.62,user372@enterprise.com,Finance,crypto,US-West,2024-08-28,refunded,10,8.8,128.19,M9326,EUR,v2
T00093,U928,2779.24,user928@enterprise.com,Finance,paypal,US-East,2023-02-02,pending,9,12.0,276.37,M1981,USD,v1
T00918,U481,3947.26,user481@biz.net,Gaming,gift_card,US-West,2024-01-28,completed,2,23.3,315.4,M9530,EUR,v2
T00635,U989,253.05,user989@biz.net,Travel,debit_card,US-East,2023-03-20,pending,5,28.0,19.5,M9832,INR,v2
T00352,U746,819.4,user746@techfirm.org,Groceries,debit_card,MEA,2023-11-30,completed,3,15.8,134.67,M9416,USD,v1
T00998,U479,-89.82,user479@datamail.co,Education,bank_transfer,EU-North,2023-06-09,Refunded,1,14.5,156.97,M5591,INR,v2
T00281,U891,954.22,user891@biz.net,Groceries,bank_transfer,EU-Central,2023-12-16,completed,7,1.2,85.38,M5964,USD,v1
T00908,U172,2439.22,user172@biz.net,Finance,credit_card,MEA,2024-08-08,completed,1,16.1,376.08,,CAD,v2
T00199,U214,2979.8,user214@datamail.co,Gaming,gift_card,CA-East,2024-01-22,completed,4,28.1,411.14,M9203,USD,v1
T00360,U638,511.36,user638@outlook.com,Subscriptions,gift_card,LATAM,2024-01-18,completed,9,28.6,61.2,M3087,EUR,v1
T00479,U962,1797.11,user962@yahoo.com,Subscriptions,crypto,EU-Central,2023-03-27,pending,4,22.0,277.87,M9543,EUR,v1
T00582,U481,497.64,user481@outlook.com,Healthcare,gift_card,LATAM,2023-07-26,failed,2,8.9,72.83,M9956,INR,v2
T00891,U142,300.8,user142@datamail.co,Home & Garden,bank_transfer,US-West,2023-03-04,pending,3,2.2,45.76,M3714,CAD,v2
T00559,U864,962.15,user864@enterprise.com,Education,gift_card,CA-East,2024-06-04,completed,5,17.0,66.14,M1888,GBP,v2
T00527,U122,2508.19,user122@datamail.co,Finance,debit_card,US-East,2023-03-19,completed,8,16.5,209.44,M2047,CAD,v2
T00882,U704,4002.07,user704@biz.net,Education,credit_card,US-West,2024-01-07,refunded,3,9.8,461.07,M6203,USD,v2
T00183,U289,3939.98,user289@biz.net,Finance,debit_card,EU-Central,2023-11-27,pending,4,27.5,282.37,M4702,USD,v1
T00868,U486,2466.1,user486@enterprise.com,Home & Garden,credit_card,CA-East,2024-01-05,completed,2,1.1,411.39,M3716,INR,v2
T00491,U950,711.47,user950@hotmail.com,Groceries,debit_card,EU-Central,2023-07-08,completed,10,26.2,76.13,M4744,GBP,v1
T00111,U320,283.09,user320@yahoo.com,Subscriptions,credit_card,EU-Central,2023-07-12,completed,5,11.6,23.81,M3677,GBP,v1
T00371,U156,3416.83,user156@datamail.co,Finance,paypal,LATAM,2023-03-25,failed,8,19.7,459.29,M6864,USD,v1
T00459,U697,1107.79,user697@hotmail.com,Education,bank_transfer,APAC,2023-06-05,completed,7,7.4,58.06,M4525,USD,v1
T00240,U727,568.77,user727@techfirm.org,Healthcare,bank_transfer,US-East,2024-07-12,completed,4,6.7,58.52,M1913,EUR,v1
T01200,U331,3736.95,user331@corp.net,Travel,debit_card,US-East,2023-01-27,refunded,9,28.5,353.48,M2844,EUR,v2
T00669,U971,385.66,user971@enterprise.com,Education,gift_card,MEA,2024-02-02,refunded,3,5.1,52.33,M6052,CAD,v2
T00629,U519,3482.21,user519@techfirm.org,Healthcare,bank_transfer,EU-North,2024-01-02,refunded,8,3.6,428.95,M1226,USD,v2
T00205,U147,677.1,user147@techfirm.org,Gaming,credit_card,APAC,2024-02-12,completed,4,1.2,114.48,M1565,GBP,v1
T00683,U292,3223.92,user292@company.io,Clothing,bank_transfer,MEA,2023-08-05,pending,5,11.4,474.05,M3838,USD,v2
T01112,U576,1066.2,user576@hotmail.com,Gaming,credit_card,APAC,2024-08-13,completed,1,19.2,87.35,M2424,GBP,v2
T00262,U788,4446.11,user788@gmail.com,Healthcare,crypto,US-East,2024-07-01,completed,5,3.9,512.84,M1253,INR,v1
T00529,U918,2735.64,,Gaming,credit_card,EU-North,2024-01-11,failed,5,2.0,293.35,,USD,v2
T00722,U618,3691.21,user618@corp.net,Electronics,bank_transfer,US-East,2024-08-06,refunded,6,29.7,558.52,M4384,USD,v2
T00530,U370,1697.1,user370@datamail.co,Groceries,gift_card,US-East,2023-11-20,completed,7,17.0,204.48,M5441,USD,v2
T00340,U745,1933.89,user745@biz.net,Subscriptions,paypal,LATAM,2024-01-26,completed,10,24.0,106.63,M8528,GBP,v1
T00709,U707,1965.3,user707@outlook.com,Travel,paypal,EU-Central,2024-08-12,completed,1,3.4,125.22,M6994,USD,v2
T00586,U198,57.33,user198@corp.net,Travel,crypto,US-West,2024-08-25,refunded,2,18.9,5.3,M1159,EUR,v2
T00772,,4097.85,user114@enterprise.com,Electronics,debit_card,CA-East,2023-07-26,failed,2,11.8,465.46,M9688,INR,v2
T00184,U351,2609.34,user351@techfirm.org,Home & Garden,gift_card,LATAM,2023-12-11,refunded,7,20.8,266.48,M7603,USD,v1
T00138,U351,3135.29,user351@hotmail.com,Subscriptions,paypal,MEA,2024-09-26,pending,6,10.9,473.61,M5692,GBP,v1
T01195,U971,2275.87,user971@yahoo.com,Groceries,bank_transfer,APAC,2023-12-09,completed,4,1.8,192.18,M3717,EUR,v2
T00975,U720,3216.47,user720@hotmail.com,Education,crypto,EU-Central,2024-06-05,PENDING,2,21.7,167.91,M3676,GBP,v2
T00672,U999,2467.18,user999@enterprise.com,Education,paypal,CA-East,2023-03-17,completed,2,23.9,282.42,M9474,USD,v2
T00081,U100,3204.21,user100@company.io,Healthcare,bank_transfer,LATAM,2023-09-23,completed,10,0.8,262.0,M2624,EUR,v1
T00533,U994,1400.85,user994@gmail.com,Finance,bank_transfer,US-West,2023-01-12,completed,2,28.7,107.21,M4493,USD,v2
T00846,U495,2820.79,user495@corp.net,Finance,bank_transfer,US-West,2024-03-22,completed,8,26.3,349.79,M6084,EUR,v2
T00810,U362,2041.55,user362@hotmail.com,Education,credit_card,EU-North,2023-01-28,completed,4,23.3,323.27,M9584,GBP,v2
T00030,U578,1254.03,user578@techfirm.org,Clothing,debit_card,LATAM,2024-06-14,completed,10,26.4,177.16,M3701,USD,v1
T01071,U509,-89.82,user509@techfirm.org,Home & Garden,paypal,CA-East,2024-05-24,completed,7,0.6,61.57,M5642,INR,v2
T00472,U196,3611.52,user196@corp.net,Healthcare,credit_card,EU-Central,2024-09-06,pending,8,13.2,230.75,M9075,CAD,v1
T00970,U725,2385.62,user725@datamail.co,Subscriptions,credit_card,US-West,2024-08-30,pending,10,29.4,139.33,M8419,USD,v2
T00166,U192,3887.67,user192@datamail.co,Finance,bank_transfer,EU-Central,2023-12-05,refunded,2,15.9,548.01,M2860,USD,v1
T00249,U959,191.45,user959@outlook.com,Education,paypal,CA-East,2024-05-25,completed,6,0.4,32.24,M7276,CAD,v1
T00308,U662,1866.41,user662@outlook.com,Finance,paypal,EU-North,2023-07-15,completed,1,25.3,156.66,M9473,USD,v1
T00482,U810,588.82,user810@gmail.com,Electronics,paypal,US-East,2024-09-20,completed,6,21.7,41.05,M2837,USD,v1
T00813,U430,1048.99,,Education,crypto,US-East,2024-08-07,pending,3,29.3,57.73,M4879,USD,v2
T00615,U656,2077.85,user656@corp.net,Education,bank_transfer,US-East,2023-12-04,completed,4,12.6,328.98,M1748,INR,v2
T00347,U648,1821.69,user648@hotmail.com,Finance,debit_card,US-East,2023-12-24,completed,1,13.3,198.87,M6685,GBP,v1
T00335,U464,1895.11,user464@company.io,Clothing,debit_card,MEA,2024-09-18,completed,8,26.0,323.91,M9465,USD,v1
T00286,U433,2046.76,user433@gmail.com,Groceries,debit_card,CA-East,2023-11-15,failed,7,22.9,323.67,M1480,GBP,v1
T01042,U783,1569.0,user783@corp.net,Travel,crypto,CA-East,2024-05-10,completed,10,0.4,242.81,M2849,USD,v2
T00098,U229,4118.38,user229@datamail.co,Gaming,credit_card,LATAM,2023-04-19,completed,3,19.6,638.28,,CAD,v1
T01152,,2282.42,user250@biz.net,Home & Garden,bank_transfer,LATAM,2023-12-16,completed,8,23.4,320.19,M2537,USD,v2
T01070,U592,2657.19,user592@gmail.com,Subscriptions,paypal,US-East,2023-06-26,failed,10,8.9,299.91,,GBP,v2
T00977,U631,783.65,user631@outlook.com,Groceries,debit_card,CA-East,2023-04-27,completed,8,5.2,46.51,M7194,EUR,v2
T00637,,1723.82,user269@outlook.com,Education,bank_transfer,EU-North,2024-09-01,pending,2,28.7,91.41,M7519,CAD,v2
T00723,U309,259.52,user309@enterprise.com,Finance,bank_transfer,LATAM,2023-11-02,failed,2,0.5,36.26,M8313,USD,v2
T00650,,1529.94,user154@hotmail.com,Education,paypal,CA-East,2024-03-09,completed,10,28.6,123.12,M1687,CAD,v2
T01192,U880,4079.54,user880@biz.net,Healthcare,bank_transfer,US-East,2023-08-13,completed,6,4.5,456.94,M5945,CAD,v2
T01010,U823,4416.46,,Healthcare,crypto,EU-Central,2023-12-07,completed,6,20.0,385.16,M3251,USD,v2
T00731,,3997.05,user698@gmail.com,Education,bank_transfer,APAC,2023-08-30,completed,1,9.8,208.55,M1007,EUR,v2
T00066,U138,3829.12,user138@enterprise.com,Home & Garden,gift_card,US-West,32-01-2024,completed,2,27.3,420.97,M8724,USD,v1
T00778,U302,3564.03,user302@corp.net,Gaming,crypto,MEA,2023-10-22,completed,8,18.1,596.78,M1267,USD,v2
T00924,U120,3777.7,user120@enterprise.com,Clothing,gift_card,LATAM,2024-01-18,Completed,4,8.3,268.76,M1001,INR,v2
T00603,U488,4072.61,,Groceries,debit_card,MEA,2023-10-29,pending,6,3.8,405.88,M3878,USD,v2
T01118,U460,1173.87,user460@biz.net,Electronics,debit_card,EU-Central,2024-05-03,completed,3,24.9,117.07,M9070,USD,v2
T00303,U911,2611.81,user911@company.io,Groceries,paypal,MEA,2023-08-12,completed,1,24.1,342.54,M5102,USD,v1
T00997,U858,3171.09,user858@gmail.com,Gaming,debit_card,LATAM,2023-07-16,completed,9,3.6,205.38,M8800,CAD,v2
T00389,U608,1120.71,user608@gmail.com,Clothing,debit_card,US-East,2024-06-22,completed,7,26.1,125.49,M3743,CAD,v1
T00236,U313,518.62,user313@techfirm.org,Gaming,paypal,MEA,2023-06-21,pending,7,28.4,74.78,M6179,USD,v1
T00865,U530,1440.47,user530@gmail.com,Home & Garden,bank_transfer,LATAM,2024-09-24,Pending,8,25.9,82.33,M6292,EUR,v2
T00756,U241,2712.87,user241@enterprise.com,Gaming,credit_card,US-West,2023-12-18,refunded,7,27.1,241.84,M6009,USD,v2
T00306,U109,4042.62,user109@corp.net,Electronics,bank_transfer,CA-East,2024-03-12,completed,1,6.7,274.62,M4045,INR,v1
T00821,U220,3267.55,user220@company.io,Subscriptions,debit_card,MEA,,completed,7,28.7,349.73,M7913,USD,v2
T00981,U428,3580.54,user428@gmail.com,Groceries,crypto,APAC,2023-05-01,completed,4,21.8,389.3,M9582,EUR,v2
T00250,U246,-89.82,user246@company.io,Clothing,gift_card,US-East,2023-04-25,completed,9,6.1,203.27,M8191,USD,v1
T00808,U694,2770.13,user694@hotmail.com,Healthcare,bank_transfer,CA-East,2023-05-25,pending,5,26.7,275.95,M2685,USD,v2
T00072,U510,29.19,user510@biz.net,Healthcare,credit_card,CA-East,2024-07-16,failed,5,23.1,3.39,M4846,EUR,v1
T00095,U983,3157.66,user983@outlook.com,Electronics,paypal,LATAM,2023-09-17,completed,7,16.8,212.17,M9934,USD,v1
T01008,U451,3407.35,user451@company.io,Education,debit_card,EU-North,,completed,6,16.9,521.93,M4789,GBP,v2
T00034,U127,4354.88,user127@techfirm.org,Travel,crypto,US-East,2024-03-09,refunded,2,28.5,631.01,M7980,USD,v1
T00903,U161,3444.51,user161@techfirm.org,Electronics,gift_card,EU-Central,2023-03-26,failed,10,17.2,533.15,M2125,INR,v2
T00449,U171,1229.18,user171@corp.net,Subscriptions,bank_transfer,EU-North,2024-02-29,completed,8,13.0,193.29,M4613,USD,v1
T00446,U765,667.99,user765@enterprise.com,Healthcare,credit_card,EU-Central,2023-11-06,pending,4,12.7,43.1,M4576,USD,v1
T00880,U125,4335.34,user125@outlook.com,Subscriptions,crypto,CA-East,2024-03-20,completed,7,21.9,485.66,M4198,CAD,v2
T00621,,757.06,user842@techfirm.org,Education,bank_transfer,EU-Central,2024-03-06,pending,6,1.3,118.78,M5543,EUR,v2
T00724,U554,4325.59,user554@datamail.co,Groceries,debit_card,US-East,2024-07-04,refunded,3,11.0,424.07,M3651,GBP,v2
T00078,U389,3999.44,user389@corp.net,Finance,debit_card,APAC,2023-05-28,completed,4,19.5,269.89,M7956,USD,v1
T00085,U810,2290.42,user810@techfirm.org,Finance,credit_card,CA-East,2023-01-25,completed,1,0.9,147.7,M3224,EUR,v1
T00573,,3381.4,user524@company.io,Clothing,crypto,EU-North,2024-09-13,failed,4,17.4,492.56,M2112,CAD,v2
T00083,U786,1790.44,user786@hotmail.com,Home & Garden,paypal,LATAM,2023-04-27,refunded,8,8.7,265.17,M2163,CAD,v1
T00458,U135,2583.61,user135@techfirm.org,Travel,gift_card,US-East,2023-04-04,completed,8,8.2,440.57,M1195,USD,v1
T00915,U210,180.92,user210@yahoo.com,Healthcare,crypto,LATAM,2024-05-04,completed,9,28.7,29.73,M8768,INR,v2
T00437,U239,3511.81,user239@corp.net,Travel,gift_card,US-East,2023-02-09,pending,8,13.1,176.07,M4729,EUR,v1
T01043,U699,1935.97,user699@outlook.com,Electronics,debit_card,EU-North,2024-07-04,refunded,8,16.7,104.04,M2225,EUR,v2
T00953,U420,3570.31,user420@hotmail.com,Subscriptions,gift_card,LATAM,2024-01-31,refunded,4,12.7,635.06,M4531,USD,v2
T00405,U743,2879.38,user743@datamail.co,Finance,debit_card,US-West,2023-09-14,completed,4,15.4,326.83,M8994,GBP,v1
T01079,U592,1302.23,user592@datamail.co,Gaming,gift_card,CA-East,2023-11-09,refunded,1,18.7,138.47,M8514,EUR,v2
T01126,U994,2257.52,user994@datamail.co,Healthcare,gift_card,US-West,2024-01-31,refunded,3,17.5,334.12,M8798,INR,v2
T00994,U725,3332.05,user725@datamail.co,Travel,bank_transfer,EU-North,2023-03-26,completed,2,15.5,596.61,M4003,GBP,v2
T00105,U743,3740.48,user743@enterprise.com,Education,crypto,EU-Central,2024-08-25,refunded,3,24.7,245.68,M7251,INR,v1
T00571,U733,1247.61,user733@yahoo.com,Home & Garden,gift_card,CA-East,2024-04-16,completed,3,11.5,194.67,M3607,USD,v2
T00968,U993,4154.85,user993@corp.net,Groceries,bank_transfer,LATAM,2023-01-08,refunded,7,14.2,389.4,M4073,USD,v2
T00063,U137,1726.64,user137@corp.net,Groceries,credit_card,EU-North,2023-02-05,failed,6,13.1,129.3,M6405,USD,v1
T00282,U264,4004.09,user264@yahoo.com,Finance,debit_card,LATAM,2023-05-18,completed,10,1.2,348.14,M8026,USD,v1
T00702,U255,1286.03,user255@yahoo.com,Healthcare,paypal,EU-Central,2023-09-13,Failed,3,13.6,83.38,M1290,USD,v2
T00239,U780,1734.06,user780@techfirm.org,Education,paypal,CA-East,2024-05-19,completed,8,14.6,257.51,M9579,INR,v1
T00224,U183,625.83,user183@techfirm.org,Education,credit_card,CA-East,2023-10-28,COMPLETED,9,8.9,61.09,M2330,USD,v1
T00146,U217,4339.87,user217@techfirm.org,Groceries,bank_transfer,US-West,2023-12-31,failed,5,27.8,490.25,M4215,EUR,v1
T01153,U262,4117.19,user262@enterprise.com,Subscriptions,paypal,EU-North,2024-01-13,failed,2,3.8,630.94,M9925,CAD,v2
T00374,U371,4337.3,user371@techfirm.org,Clothing,credit_card,US-East,2023-02-20,completed,6,18.5,560.31,M7462,INR,v1
T00119,U570,3843.71,user570@hotmail.com,Clothing,paypal,APAC,2024-08-23,completed,9,1.5,534.45,M9245,CAD,v1
T00858,U560,1075.24,,Electronics,bank_transfer,EU-Central,2023-09-14,completed,6,25.0,90.35,M6720,INR,v2
T00251,U544,3709.57,user544@yahoo.com,Finance,debit_card,APAC,2024-06-11,completed,9,26.8,401.62,M9366,USD,v1
T01191,U113,0.0,,Subscriptions,crypto,MEA,2023-06-19,completed,10,24.6,469.28,M6368,USD,v2
T00010,U488,4351.34,user488@biz.net,Finance,bank_transfer,CA-East,2024-06-02,completed,10,25.2,275.86,M7799,USD,v1
T00450,U140,1703.28,user140@techfirm.org,Finance,paypal,CA-East,2023-11-02,completed,3,22.0,149.91,M3042,EUR,v1
T00935,U971,1330.26,user971@outlook.com,Healthcare,bank_transfer,US-East,2023-11-13,refunded,3,9.9,171.92,,CAD,v2
T00390,U206,325.3,user206@techfirm.org,Subscriptions,crypto,US-West,2024-08-20,completed,5,22.0,32.6,M5401,USD,v1
T00717,U644,1418.62,user644@biz.net,Travel,credit_card,EU-North,2024-05-24,completed,5,7.0,196.01,M3848,GBP,v2
T00964,U110,1588.74,user110@techfirm.org,Gaming,credit_card,MEA,2024-03-09,completed,9,24.3,185.91,M1376,USD,v2
T00558,U193,1905.09,user193@datamail.co,Gaming,gift_card,US-East,2023-02-02,completed,3,29.0,329.59,M4676,USD,v2
T00461,U631,4337.65,user631@company.io,Groceries,credit_card,LATAM,2024-06-25,completed,8,16.4,674.62,M8393,GBP,v1
T01139,U249,4364.84,user249@hotmail.com,Clothing,bank_transfer,US-West,2024-02-28,completed,4,11.9,636.6,M4475,GBP,v2
T00145,U374,448.81,user374@biz.net,Groceries,paypal,CA-East,2023-02-13,refunded,6,11.9,77.41,M3333,USD,v1
T00502,U919,826.81,user919@enterprise.com,Groceries,crypto,CA-East,2023-04-22,completed,8,20.8,93.85,M1343,USD,v2
T01142,U557,1662.77,user557@datamail.co,Groceries,paypal,EU-North,2024-04-22,completed,2,8.9,104.98,M6121,EUR,v2
T00540,U139,557.86,user139@techfirm.org,Finance,bank_transfer,EU-North,2023-07-09,completed,6,6.5,37.25,M8157,USD,v2
T00178,U712,918.16,user712@gmail.com,Gaming,debit_card,MEA,2023-05-20,failed,3,11.8,53.31,M1621,USD,v1
T01193,U737,758.65,user737@hotmail.com,Education,bank_transfer,EU-North,2023-04-04,pending,8,29.5,124.82,M5774,CAD,v2
T01075,U809,2897.29,user809@outlook.com,Finance,gift_card,LATAM,2024-07-08,completed,9,19.3,285.27,M9248,GBP,v2
T00619,U973,2675.97,user973@company.io,Electronics,credit_card,APAC,2024-07-26,completed,2,3.8,308.49,M6166,USD,v2
T00553,U557,1756.15,user557@enterprise.com,Clothing,credit_card,US-East,2024-08-09,pending,9,26.5,232.67,M8137,GBP,v2
T00008,U100,284.58,user100@datamail.co,Groceries,credit_card,US-East,2023-09-03,COMPLETED,8,3.4,28.67,M8797,USD,v1
T00591,U604,3269.7,user604@company.io,Groceries,credit_card,APAC,2023-09-10,completed,7,9.5,259.03,M9990,GBP,v2
T00902,U588,1390.27,user588@biz.net,Finance,debit_card,US-West,2024-06-18,pending,8,28.9,75.23,M6044,INR,v2
T00358,U456,3022.06,user456@hotmail.com,Subscriptions,bank_transfer,APAC,2024-04-13,completed,9,2.7,256.46,M4680,EUR,v1
T00330,U355,1463.63,user355@biz.net,Home & Garden,gift_card,APAC,2024-04-27,pending,3,9.0,131.87,M8278,GBP,v1
T00048,U412,3108.56,user412@company.io,Healthcare,credit_card,EU-North,2023-01-20,completed,9,14.3,434.63,M6621,CAD,v1
T00888,U508,265.65,user508@yahoo.com,Education,debit_card,CA-East,2024-06-20,completed,9,9.7,19.38,M2511,EUR,v2
T00259,U958,3440.27,user958@techfirm.org,Education,bank_transfer,APAC,2024-03-09,completed,2,14.0,285.79,M3291,INR,v1
T01053,U854,4216.72,user854@yahoo.com,Travel,paypal,US-East,2024-02-03,completed,1,23.9,592.91,M2128,USD,v2
T00954,U920,1144.46,user920@outlook.com,Home & Garden,paypal,EU-Central,2024-02-12,refunded,6,18.9,73.22,M2896,CAD,v2
T00826,U851,916.53,user851@gmail.com,Electronics,crypto,EU-North,2024-04-20,completed,7,19.8,105.92,M2214,INR,v2
T00847,U298,2997.13,user298@company.io,Travel,gift_card,EU-North,2024-09-04,refunded,10,11.4,398.0,M8728,GBP,v2
T00887,U636,3142.02,user636@enterprise.com,Clothing,debit_card,LATAM,2023-12-25,completed,1,7.8,198.6,M2811,CAD,v2
T00526,U276,560.25,user276@company.io,Gaming,gift_card,MEA,2023-07-01,completed,4,28.8,38.94,M8561,INR,v2
T00870,U875,1460.89,user875@yahoo.com,Subscriptions,crypto,MEA,2023-02-11,REFUNDED,3,11.4,248.58,M2292,USD,v2
T01143,U270,2517.87,user270@company.io,Finance,paypal,APAC,2023-02-22,pending,3,9.8,180.72,M2198,USD,v2
T00889,U880,1128.77,user880@company.io,Travel,credit_card,US-West,2023-01-23,refunded,1,17.2,131.17,M4234,USD,v2
T01175,U959,1510.96,user959@techfirm.org,Home & Garden,paypal,LATAM,2023-10-17,Failed,5,18.2,118.25,M7690,USD,v2
T00441,U507,2639.5,user507@gmail.com,Home & Garden,debit_card,LATAM,2023-09-06,completed,6,18.7,163.0,M1231,INR,v1
T00532,U969,2728.66,user969@corp.net,Travel,bank_transfer,CA-East,2023-01-18,completed,7,12.2,373.08,M8476,GBP,v2
T00227,U769,-89.82,user769@hotmail.com,Education,credit_card,US-West,2023-11-25,refunded,5,17.2,139.1,M9916,GBP,v1
T00229,U530,3783.64,user530@techfirm.org,Finance,bank_transfer,US-West,2023-05-05,completed,3,13.0,447.59,M9539,EUR,v1
T01074,U629,2056.54,user629@datamail.co,Clothing,debit_card,US-East,2024-08-15,completed,8,1.1,325.53,M5751,USD,v2
T00213,U693,1512.18,user693@enterprise.com,Education,crypto,CA-East,2023-11-11,completed,5,14.2,153.36,M3297,USD,v1
T00080,U129,2962.1,user129@gmail.com,Electronics,debit_card,CA-East,Jan 24,completed,3,2.3,210.38,M2465,INR,v1
T00149,U669,3580.43,user669@hotmail.com,Home & Garden,bank_transfer,APAC,2023-01-27,completed,1,13.2,258.55,M4344,INR,v1
T00627,U301,4466.92,user301@company.io,Education,bank_transfer,EU-Central,2023-05-29,PENDING,2,20.6,718.2,M3989,GBP,v2
T01188,U514,3352.83,user514@company.io,Subscriptions,gift_card,CA-East,2023-04-10,completed,8,22.6,555.36,M2549,USD,v2
T00625,U664,2665.68,user664@datamail.co,Travel,paypal,APAC,2024-08-10,failed,1,25.4,194.93,M1672,GBP,v2
T00134,U655,4219.71,user655@hotmail.com,Groceries,credit_card,LATAM,2023-08-23,completed,9,8.1,324.08,M6724,GBP,v1
T01068,U438,3994.1,user438@gmail.com,Home & Garden,gift_card,EU-Central,2024-02-02,completed,9,25.9,333.31,M7428,USD,v2
T00409,U782,1773.97,user782@biz.net,Healthcare,paypal,CA-East,2023-04-03,completed,10,3.9,137.34,M6987,CAD,v1
T00714,U227,2555.44,user227@hotmail.com,Healthcare,credit_card,US-West,2024-07-05,completed,6,17.2,318.93,M3860,USD,v2
T00508,U474,2482.53,user474@techfirm.org,Electronics,gift_card,CA-East,,failed,3,0.2,234.84,M1957,USD,v2
T00939,U965,178.11,user965@yahoo.com,Travel,paypal,LATAM,2024-05-24,failed,9,25.8,17.84,M7804,USD,v2
T00505,U596,2335.46,user596@enterprise.com,Clothing,bank_transfer,US-East,2023-12-24,pending,1,4.3,170.0,M1436,USD,v2
T00716,U242,3441.83,user242@yahoo.com,Electronics,crypto,APAC,2023-09-19,refunded,2,11.8,273.16,M5756,EUR,v2
T00348,U188,3370.49,user188@company.io,Clothing,crypto,US-East,2024-02-19,completed,6,11.8,340.38,M5715,USD,v1
T00387,U996,940.66,user996@datamail.co,Gaming,debit_card,MEA,2023-08-15,completed,3,9.8,154.76,M6120,EUR,v1
T00001,U918,1141.01,user918@hotmail.com,Travel,debit_card,US-West,2023-10-27,completed,9,30.0,92.33,M9202,USD,v1
T00361,U206,2065.82,user206@datamail.co,Groceries,gift_card,US-West,2024-05-04,refunded,2,10.5,326.51,M9392,USD,v1
T01168,,-89.82,user109@company.io,Gaming,credit_card,US-East,2024-06-24,completed,2,29.4,356.56,M6342,INR,v2
T00476,U639,4375.55,user639@enterprise.com,Groceries,debit_card,EU-Central,2023-03-27,completed,9,23.9,787.27,M1253,USD,v1
T00900,U666,2464.17,user666@hotmail.com,Gaming,debit_card,CA-East,2023-09-06,completed,6,12.1,251.41,M7240,USD,v2
T00824,U401,1715.73,user401@gmail.com,Groceries,credit_card,LATAM,2023-08-31,pending,7,5.6,247.93,M6754,CAD,v2
T00173,U663,1906.34,user663@gmail.com,Subscriptions,gift_card,EU-North,2024-07-12,completed,3,2.3,309.04,M9781,CAD,v1
T00451,U196,4333.37,user196@biz.net,Subscriptions,debit_card,MEA,2024-03-06,completed,4,3.7,562.83,M5231,INR,v1
T00126,U439,3139.39,user439@gmail.com,Home & Garden,gift_card,LATAM,2023-08-03,completed,2,21.5,372.51,M8755,GBP,v1
T00679,U308,1507.73,user308@outlook.com,Home & Garden,gift_card,LATAM,2023-06-15,failed,5,28.0,241.84,M6001,USD,v2
T00531,U647,1890.62,user647@gmail.com,Travel,paypal,US-West,2024-05-02,Refunded,7,19.4,239.87,,EUR,v2
T00091,U566,4056.28,user566@yahoo.com,Finance,debit_card,MEA,2023-09-29,completed,10,17.0,248.79,M6214,GBP,v1
T01196,U747,525.72,user747@enterprise.com,Groceries,crypto,EU-Central,2024-01-09,pending,8,20.4,56.51,M8083,EUR,v2
T00182,U820,1021.81,user820@hotmail.com,Travel,paypal,US-West,2023-06-14,completed,10,9.2,170.33,M3695,CAD,v1
T00814,U900,3355.94,user900@outlook.com,Education,credit_card,US-East,2023-12-23,completed,9,16.0,265.54,M5292,EUR,v2
T00415,U324,2813.07,user324@corp.net,Groceries,debit_card,CA-East,2023-09-16,refunded,1,2.2,488.86,M4401,USD,v1
T00252,U341,1922.11,user341@yahoo.com,Travel,credit_card,US-West,2023-10-10,pending,4,11.0,325.94,M3454,EUR,v1
T00070,U676,2863.6,user676@biz.net,Clothing,bank_transfer,EU-Central,2023-01-16,completed,3,0.6,445.48,,USD,v1
T00132,U224,911.54,user224@biz.net,Education,bank_transfer,CA-East,2023-10-07,completed,6,28.2,156.6,M9583,EUR,v1
T00301,U389,177.28,user389@outlook.com,Travel,paypal,MEA,2024-09-09,completed,9,8.0,26.33,M4596,USD,v1
T01093,U762,3587.72,user762@yahoo.com,Travel,gift_card,LATAM,2023-01-13,pending,7,19.4,415.72,M8338,GBP,v2
T00327,U940,2624.64,user940@datamail.co,Travel,crypto,CA-East,2024-02-07,completed,10,9.4,305.02,M6645,GBP,v1
T00306,U109,4042.62,user109@corp.net,Electronics,bank_transfer,CA-East,2024-03-12,completed,1,6.7,274.62,M4045,INR,v1
T00500,U469,438.39,user469@outlook.com,Home & Garden,bank_transfer,US-West,2024-02-01,completed,2,1.7,32.81,M9918,EUR,v1
T01016,U705,2744.71,user705@biz.net,Travel,crypto,APAC,2023-11-30,completed,3,10.0,429.65,M7803,EUR,v2
T00983,U693,3343.89,user693@biz.net,Electronics,bank_transfer,EU-North,2023-05-04,completed,6,25.1,512.51,M4299,USD,v2
T00496,U713,1391.56,user713@yahoo.com,Travel,gift_card,US-West,2023-01-05,completed,8,25.8,170.97,M5923,USD,v1
T01151,U124,4157.26,user124@techfirm.org,Clothing,debit_card,EU-Central,2024-01-11,refunded,10,21.3,637.04,M5533,USD,v2
T00339,U845,603.1,user845@outlook.com,Gaming,bank_transfer,MEA,2024-05-03,completed,4,7.5,92.66,M1329,CAD,v1
T00422,U116,3336.16,user116@gmail.com,Clothing,paypal,CA-East,2024-09-15,completed,10,19.9,376.63,M7384,USD,v1
T00165,U417,2787.32,user417@company.io,Clothing,paypal,EU-Central,2023-03-20,refunded,2,8.8,346.68,M7896,INR,v1
T00029,U305,3240.14,user305@biz.net,Electronics,bank_transfer,US-West,2024-09-17,completed,1,2.7,186.48,M6872,EUR,v1
T00517,U283,4094.41,user283@hotmail.com,Healthcare,debit_card,MEA,2024-04-14,completed,4,9.8,458.96,M1312,USD,v2
T00194,U260,593.73,user260@outlook.com,Groceries,paypal,APAC,2023-11-20,completed,5,13.0,51.25,M1818,INR,v1
T00673,U229,600.8,user229@gmail.com,Electronics,gift_card,EU-North,2024-09-04,completed,8,12.8,80.35,M4064,EUR,v2
T00833,U183,304.81,user183@biz.net,Home & Garden,gift_card,EU-Central,2023-04-02,completed,4,24.8,27.48,M7414,EUR,v2
T00170,U509,2860.51,user509@biz.net,Travel,gift_card,EU-North,2023-01-18,pending,1,8.3,278.9,M9606,EUR,v1
T00753,U155,2033.72,user155@company.io,Electronics,paypal,US-East,2023-04-24,completed,4,12.5,324.22,M5752,USD,v2
T00653,U831,3888.01,user831@techfirm.org,Home & Garden,crypto,MEA,2023-10-05,completed,1,23.3,583.87,M5866,EUR,v2
T00174,U162,341.04,user162@biz.net,Education,paypal,APAC,2023-12-29,completed,1,13.6,23.88,M5386,GBP,v1
T00519,U718,3272.1,user718@hotmail.com,Education,credit_card,US-West,2023-12-24,pending,3,9.8,512.51,M2597,GBP,v2
T00984,U829,928.46,user829@corp.net,Education,credit_card,US-East,2023-07-19,completed,7,18.5,61.32,M4711,USD,v2
T00950,U409,1205.8,user409@enterprise.com,Groceries,crypto,CA-East,2023-12-07,pending,5,15.6,159.78,M3673,USD,v2
T00492,U645,2757.19,user645@techfirm.org,Electronics,gift_card,US-East,2023-07-07,completed,4,15.8,490.57,M3115,INR,v1
T00074,U246,216.41,user246@company.io,Gaming,debit_card,US-West,2024-03-03,pending,2,12.5,15.97,M5529,INR,v1
T01035,,3115.89,user574@enterprise.com,Travel,paypal,EU-North,2024-03-19,completed,5,17.3,328.83,M6954,USD,v2
T00588,U603,1803.22,user603@yahoo.com,Clothing,credit_card,EU-Central,2023-06-03,completed,5,23.8,190.01,M4408,USD,v2
T00658,U782,4320.98,user782@gmail.com,Home & Garden,paypal,US-East,2024-05-31,completed,7,23.9,409.12,M8853,USD,v2
T00235,U173,1612.76,user173@biz.net,Education,bank_transfer,US-East,2023-09-11,pending,1,15.5,125.65,M1006,USD,v1
T00215,U472,3873.81,user472@hotmail.com,Subscriptions,debit_card,APAC,not-a-date,pending,4,27.6,272.19,M8630,CAD,v1
T01014,U562,960.7,user562@techfirm.org,Groceries,bank_transfer,LATAM,2024-06-10,completed,4,12.3,106.85,M5129,USD,v2
T00133,U346,1334.67,user346@datamail.co,Education,crypto,CA-East,2024-05-22,completed,8,12.7,103.09,M7081,GBP,v1
T00827,U203,3115.81,user203@outlook.com,Groceries,bank_transfer,US-East,2024-09-09,pending,9,11.3,193.63,M2402,USD,v2
T00779,U936,286.81,user936@hotmail.com,Groceries,crypto,US-West,2024-05-21,pending,8,28.8,28.78,,INR,v2
T01006,,3031.4,user696@outlook.com,Clothing,debit_card,EU-North,2024-06-16,PENDING,4,28.4,351.22,M1756,EUR,v2
T00186,U321,1183.22,user321@outlook.com,Healthcare,debit_card,EU-Central,,completed,3,22.8,175.34,M8613,USD,v1
T00042,U530,498.19,user530@company.io,Finance,debit_card,EU-North,2024-06-23,completed,8,24.3,70.87,M9552,USD,v1
T00109,U358,1112.84,user358@enterprise.com,Travel,paypal,US-West,2024-04-03,completed,2,24.8,69.54,M4308,USD,v1
T00909,U301,1554.48,,Electronics,bank_transfer,CA-East,2023-03-29,refunded,4,2.5,180.38,M2328,EUR,v2
T00569,U176,3284.48,user176@gmail.com,Home & Garden,credit_card,EU-Central,2024-05-30,completed,3,11.9,270.43,M8379,INR,v2
T00763,U492,2933.1,user492@outlook.com,Healthcare,credit_card,LATAM,2023-08-25,refunded,4,18.7,497.34,M8086,USD,v2
T01047,U932,4105.6,user932@hotmail.com,Electronics,bank_transfer,APAC,2023-01-30,completed,10,2.2,400.77,M1229,INR,v2
T01189,U685,3767.31,user685@biz.net,Travel,paypal,US-East,2024-07-24,completed,4,27.1,510.31,M9903,USD,v2
T00484,U266,3946.32,user266@datamail.co,Healthcare,paypal,MEA,,failed,7,25.7,493.5,M4577,EUR,v1
T00469,U764,1855.69,user764@techfirm.org,Electronics,credit_card,MEA,2023-08-05,refunded,2,0.1,278.6,M6920,USD,v1
T00025,U550,3622.47,user550@techfirm.org,Healthcare,bank_transfer,CA-East,2024-01-27,completed,7,11.6,442.11,M5278,USD,v1
T00941,U818,2833.98,user818@gmail.com,Home & Garden,debit_card,CA-East,2023-01-13,pending,9,18.8,275.8,M4566,USD,v2
T00721,,3107.27,user853@enterprise.com,Gaming,debit_card,MEA,2023-01-04,completed,5,7.1,368.35,M2685,USD,v2
T01007,U179,2696.13,user179@yahoo.com,Groceries,crypto,EU-Central,2023-01-02,completed,5,6.9,466.97,M4873,USD,v2
T01043,U699,1935.97,user699@outlook.com,Electronics,debit_card,EU-North,2024-07-04,refunded,8,16.7,104.04,M2225,EUR,v2
T00367,U635,2025.03,user635@company.io,Education,bank_transfer,US-West,2023-07-08,completed,5,12.0,249.81,M2943,USD,v1
T00899,U734,2202.52,user734@gmail.com,Finance,credit_card,US-East,2023-10-20,completed,4,24.4,300.88,M9700,EUR,v2
T01150,U273,1856.63,user273@hotmail.com,Clothing,debit_card,APAC,2024-03-03,pending,3,5.2,157.16,M9698,INR,v2
T00384,U113,4056.74,user113@yahoo.com,Gaming,crypto,LATAM,2023-07-06,failed,10,19.9,425.04,M6592,EUR,v1
T00455,U154,3957.85,user154@corp.net,Gaming,crypto,CA-East,2023-06-28,pending,1,2.0,635.59,M6591,USD,v1
T00265,U852,1306.51,user852@techfirm.org,Finance,credit_card,EU-Central,2024-09-29,completed,5,7.0,89.43,M9889,USD,v1
T00809,U125,896.06,user125@techfirm.org,Subscriptions,paypal,US-West,2023-10-11,COMPLETED,9,6.3,110.87,M8008,GBP,v2
T00233,U450,36.82,user450@techfirm.org,Electronics,crypto,APAC,2024-09-12,completed,1,1.9,4.34,M5155,INR,v1
T00445,U402,2592.09,user402@corp.net,Clothing,bank_transfer,EU-North,not-a-date,completed,8,19.1,419.34,M4754,USD,v1
T00396,U133,4214.18,user133@outlook.com,Gaming,credit_card,EU-North,2024-04-16,completed,9,14.8,543.4,M7408,USD,v1
T00912,U476,1324.96,user476@gmail.com,Finance,crypto,APAC,2024-09-14,completed,8,25.9,66.79,M5902,USD,v2
T00177,U738,2853.87,user738@enterprise.com,Electronics,debit_card,CA-East,2024-08-09,completed,10,16.6,345.12,M7555,CAD,v1
T00019,U752,3634.19,user752@biz.net,Subscriptions,gift_card,EU-Central,2024-07-09,failed,2,2.1,441.86,M7359,GBP,v1
T01085,U138,4043.11,user138@enterprise.com,Subscriptions,crypto,LATAM,2023-09-01,refunded,7,19.3,320.49,M3159,USD,v2
T01108,U581,239.62,user581@techfirm.org,Gaming,paypal,LATAM,2023-08-12,completed,3,21.1,42.66,M5781,USD,v2
T01121,U783,1592.8,user783@biz.net,Home & Garden,credit_card,EU-Central,2023-02-06,failed,4,6.8,282.08,M8591,INR,v2
T00596,U454,825.65,user454@outlook.com,Travel,debit_card,EU-Central,2024-08-08,failed,10,21.3,137.74,M1016,USD,v2
T00062,U667,2249.76,user667@hotmail.com,Finance,credit_card,EU-Central,2023-12-24,completed,3,9.8,288.77,M1888,EUR,v1
T00273,U224,4048.85,user224@corp.net,Groceries,gift_card,APAC,2024-01-11,completed,4,25.3,359.35,M2995,USD,v1
T01160,U187,256.59,user187@corp.net,Groceries,credit_card,MEA,2024-06-20,completed,5,13.3,38.61,M6577,GBP,v2
T00279,U787,3947.66,user787@corp.net,Healthcare,credit_card,LATAM,2023-08-19,completed,9,9.6,233.95,M9821,USD,v1
T00901,U125,1428.47,user125@datamail.co,Finance,credit_card,MEA,2024-04-20,failed,2,5.3,110.71,M7589,USD,v2
T00695,U605,1560.8,user605@gmail.com,Education,debit_card,EU-Central,2024-03-29,completed,8,1.0,118.0,M5416,EUR,v2
T00369,U284,1893.71,user284@hotmail.com,Electronics,bank_transfer,APAC,2023-02-26,completed,6,15.5,194.61,M6173,USD,v1
T00949,U236,1252.42,user236@outlook.com,Gaming,debit_card,US-East,2023-07-07,completed,9,26.3,185.42,M6461,USD,v2
T00876,U251,4146.04,user251@yahoo.com,Gaming,credit_card,EU-Central,2023-11-22,completed,9,8.3,578.58,M3569,GBP,v2
T00920,U361,2542.74,user361@hotmail.com,Home & Garden,bank_transfer,MEA,2023-05-24,completed,5,10.8,178.72,M4978,USD,v2
T01059,U169,1365.0,user169@enterprise.com,Home & Garden,credit_card,MEA,2023-02-05,failed,10,12.8,195.07,M9012,USD,v2
T00852,U607,1105.53,user607@enterprise.com,Electronics,crypto,LATAM,2023-03-19,completed,4,6.0,177.07,M1523,USD,v2
T00548,U520,3311.92,user520@biz.net,Groceries,credit_card,EU-Central,2023-06-09,completed,8,2.1,406.48,M1193,USD,v2
T00942,U707,835.37,user707@gmail.com,Healthcare,paypal,US-West,2024-08-19,completed,5,17.5,53.1,M3878,EUR,v2
T00689,U232,3614.59,user232@biz.net,Home & Garden,debit_card,CA-East,2023-09-27,failed,4,13.5,549.83,M5861,USD,v2
T00963,U510,1773.64,user510@yahoo.com,Electronics,paypal,EU-North,2024-09-15,completed,10,20.7,125.51,M6992,CAD,v2
T00457,U277,3363.29,user277@hotmail.com,Clothing,debit_card,EU-Central,2024-01-12,completed,10,9.5,561.58,M8389,USD,v1
T00394,U780,1767.46,user780@outlook.com,Subscriptions,gift_card,MEA,2024-01-09,completed,8,24.2,301.21,M7792,GBP,v1
T00676,U422,1758.66,user422@company.io,Education,bank_transfer,EU-Central,2023-07-13,failed,7,19.9,110.15,M3544,EUR,v2
T00519,U718,3272.1,user718@hotmail.com,Education,credit_card,US-West,2023-12-24,pending,3,9.8,512.51,M2597,GBP,v2
T00420,U700,2709.79,user700@yahoo.com,Clothing,paypal,EU-Central,2024-01-17,pending,4,8.4,306.92,M8010,USD,v1
T00376,U188,2269.44,user188@biz.net,Clothing,gift_card,APAC,2024-01-16,completed,4,6.2,202.99,M7703,USD,v1
T00413,U380,628.17,user380@yahoo.com,Groceries,credit_card,APAC,2023-03-04,completed,10,9.6,87.84,M1478,INR,v1
T00075,U456,555.3,user456@corp.net,Education,crypto,EU-Central,2024-09-12,completed,6,27.3,59.27,M9041,USD,v1
T01156,U388,3090.22,user388@techfirm.org,Clothing,credit_card,APAC,2024-07-28,completed,5,6.3,225.17,M4615,INR,v2
T00923,,4147.24,user811@corp.net,Clothing,crypto,US-East,2023-12-02,failed,7,27.8,717.71,M8063,GBP,v2
T00501,U549,3057.57,user549@datamail.co,Education,debit_card,APAC,2023-03-01,COMPLETED,2,19.3,510.21,M3549,USD,v2
T00856,U644,1433.89,user644@gmail.com,Subscriptions,debit_card,EU-North,2024-02-21,failed,9,18.5,98.37,M4659,INR,v2
T00617,U278,1615.63,user278@outlook.com,Travel,debit_card,EU-North,2023-01-11,FAILED,4,26.7,135.69,M2073,USD,v2
T00115,U737,2510.74,user737@datamail.co,Clothing,crypto,CA-East,2024-09-06,completed,8,27.8,368.5,M1569,USD,v1
T00418,U928,1132.67,user928@datamail.co,Clothing,credit_card,LATAM,2023-09-28,completed,5,19.3,128.7,M6920,GBP,v1
T00602,U875,1851.32,user875@company.io,Home & Garden,bank_transfer,EU-Central,2023-03-16,completed,4,25.0,174.44,M1282,USD,v2
T00605,U431,2494.71,,Home & Garden,crypto,CA-East,2023-09-10,completed,8,8.2,384.76,M8068,USD,v2
T00090,U866,2970.12,user866@company.io,Subscriptions,paypal,CA-East,2024-02-24,completed,5,17.3,434.38,M1150,USD,v1
T00882,U704,4002.07,user704@biz.net,Education,credit_card,US-West,2024-01-07,refunded,3,9.8,461.07,M6203,USD,v2
T01183,U457,1695.56,user457@datamail.co,Education,gift_card,EU-North,2024-09-17,failed,4,20.5,184.51,M4197,USD,v2
T00499,U212,3178.27,user212@company.io,Healthcare,credit_card,LATAM,2023-06-06,completed,1,25.3,224.88,M7954,CAD,v1
T00938,U194,3165.86,user194@company.io,Subscriptions,debit_card,US-East,2024-05-18,failed,1,6.2,391.32,M2365,USD,v2
T00945,U772,2866.88,user772@corp.net,Clothing,crypto,CA-East,2024-01-11,completed,4,7.1,346.79,M4464,INR,v2
T00943,U823,2113.23,user823@hotmail.com,Finance,gift_card,US-East,2024-09-15,completed,9,13.9,364.51,M1560,EUR,v2
T00012,U308,3055.91,user308@enterprise.com,Groceries,credit_card,MEA,2023-10-18,completed,8,16.0,477.72,M7590,USD,v1
T00397,U567,30488.39,user567@yahoo.com,Home & Garden,debit_card,EU-Central,2023-02-02,completed,1,21.5,31.91,M6830,USD,v1
T00803,U519,3080.92,user519@hotmail.com,Subscriptions,crypto,LATAM,2024-05-15,pending,4,12.7,522.24,M7149,GBP,v2
T00556,U113,0.0,user113@biz.net,Finance,crypto,EU-Central,2023-08-22,refunded,7,18.8,64.87,M2349,USD,v2
T00043,U888,3214.51,user888@enterprise.com,Education,gift_card,MEA,2023-01-26,completed,4,1.1,246.88,M7991,USD,v1
T00168,U370,3347.17,user370@techfirm.org,Electronics,bank_transfer,APAC,2024-07-20,completed,3,26.7,431.86,M2532,USD,v1
T00417,U192,4347.02,user192@hotmail.com,Clothing,bank_transfer,APAC,2023-12-20,completed,9,10.8,434.67,M6525,GBP,v1
T00577,U365,2361.04,user365@hotmail.com,Clothing,crypto,US-East,2023-03-25,completed,1,19.8,396.5,M1512,USD,v2
T00268,U474,3656.3,user474@biz.net,Home & Garden,crypto,LATAM,2023-09-23,completed,2,1.6,600.39,M7048,CAD,v1
T00863,U789,2135.11,user789@datamail.co,Groceries,crypto,US-East,2023-01-31,refunded,1,29.5,111.95,M4878,CAD,v2
T00427,U581,3470.56,user581@enterprise.com,Travel,bank_transfer,MEA,2023-06-29,completed,7,17.4,420.22,M5911,INR,v1
T00691,U207,30488.39,user207@hotmail.com,Healthcare,crypto,US-West,2023-07-11,pending,4,12.9,426.12,M2160,GBP,v2
T00545,U486,2198.08,,Groceries,crypto,US-West,2023-10-28,refunded,7,24.5,163.99,M5391,GBP,v2
T01157,U573,2699.82,user573@yahoo.com,Groceries,bank_transfer,US-East,2024-02-10,completed,3,19.3,229.96,M8401,USD,v2
T00675,U386,3331.78,user386@company.io,Electronics,crypto,APAC,2023-11-25,pending,9,19.3,488.44,M2549,CAD,v2
T00690,U427,4139.97,user427@corp.net,Groceries,debit_card,LATAM,2024-09-16,refunded,9,25.4,649.14,M7545,GBP,v2
T01089,U782,759.41,user782@enterprise.com,Gaming,crypto,MEA,2023-08-08,completed,7,28.7,93.44,M4266,INR,v2
T00465,U638,3944.66,user638@hotmail.com,Groceries,credit_card,US-West,2024-06-23,completed,6,4.0,269.84,M9057,USD,v1
T00160,U664,3804.44,user664@techfirm.org,Healthcare,paypal,EU-Central,2024-05-20,completed,7,4.3,604.98,M1496,INR,v1
T00946,U337,402.84,user337@gmail.com,Education,paypal,LATAM,2023-04-01,Completed,10,19.7,21.4,M7110,USD,v2
T00258,U755,2855.29,user755@biz.net,Gaming,bank_transfer,US-West,2023-03-15,completed,9,28.6,181.38,M8737,GBP,v1
T00906,,4440.87,user646@datamail.co,Subscriptions,paypal,LATAM,2024-08-21,Completed,8,11.6,489.32,M1211,USD,v2
T00336,U148,986.17,user148@outlook.com,Finance,crypto,US-West,2023-07-16,failed,7,8.9,130.46,M6104,GBP,v1
T00016,U122,3852.82,user122@biz.net,Clothing,gift_card,EU-Central,2023-10-05,refunded,3,19.6,364.46,M9448,INR,v1
T00965,U550,3323.98,user550@enterprise.com,Healthcare,debit_card,LATAM,2023-09-13,refunded,5,7.5,483.08,M9023,CAD,v2
T00325,U619,301.8,user619@yahoo.com,Subscriptions,bank_transfer,MEA,2024-09-11,completed,1,4.0,26.53,M3618,GBP,v1
T00769,U698,3745.64,user698@techfirm.org,Healthcare,paypal,APAC,2023-02-10,completed,3,24.7,314.87,M5491,GBP,v2
T00608,U944,1025.91,user944@enterprise.com,Healthcare,bank_transfer,US-West,2024-07-18,completed,10,6.3,152.32,M6367,GBP,v2
T01088,U528,1619.74,user528@gmail.com,Gaming,credit_card,US-West,2023-10-25,completed,2,17.4,143.64,M1130,INR,v2
T00844,U948,2758.75,user948@biz.net,Groceries,gift_card,APAC,2023-01-26,refunded,5,20.3,279.53,M6730,GBP,v2
T00784,U535,2476.53,user535@hotmail.com,Electronics,bank_transfer,LATAM,2023-10-26,pending,7,14.7,325.97,M5246,GBP,v2
T00223,U173,782.3,user173@datamail.co,Education,paypal,MEA,2024-03-04,completed,6,9.4,67.32,M2406,USD,v1
T00180,U242,1892.28,user242@gmail.com,Education,bank_transfer,US-East,2023-01-22,completed,5,9.1,120.2,M8285,USD,v1
T00100,U313,1859.82,user313@yahoo.com,Groceries,debit_card,MEA,2023-08-14,completed,3,3.3,185.48,M6467,INR,v1
T00758,U388,3662.71,user388@corp.net,Finance,paypal,LATAM,2023-11-28,refunded,8,13.7,277.2,M2913,CAD,v2
T00522,U455,3096.3,user455@gmail.com,Subscriptions,crypto,LATAM,2024-01-26,completed,2,17.9,263.65,M3554,INR,v2
T00762,U804,509.23,user804@biz.net,Electronics,credit_card,LATAM,2024-02-14,refunded,6,5.7,52.18,M5015,USD,v2
T00023,U371,2372.95,user371@datamail.co,Subscriptions,paypal,CA-East,2023-09-03,failed,2,14.4,328.96,M5572,USD,v1
T00357,U870,1004.08,user870@enterprise.com,Clothing,credit_card,EU-North,2024-04-29,failed,10,15.1,180.58,M1955,INR,v1
T00734,U882,2853.14,user882@enterprise.com,Healthcare,gift_card,EU-Central,2023-05-30,completed,8,23.9,387.19,M4339,CAD,v2
T01180,U431,963.81,user431@enterprise.com,Subscriptions,gift_card,US-West,2024-04-25,completed,6,0.5,54.68,M9936,GBP,v2
T01146,U308,2547.63,user308@company.io,Travel,credit_card,US-East,2023-02-20,completed,9,11.6,438.98,M8267,CAD,v2
T00612,U170,1226.54,user170@enterprise.com,Clothing,gift_card,LATAM,2023-03-18,pending,5,9.4,93.21,M5663,EUR,v2
T01098,U775,3262.87,user775@corp.net,Healthcare,credit_card,APAC,2024-05-28,pending,10,2.2,169.0,M3516,CAD,v2
T00341,U954,4301.78,user954@techfirm.org,Electronics,debit_card,US-East,2023-05-19,completed,9,12.0,289.5,M4633,USD,v1
T00432,U752,1052.51,user752@techfirm.org,Education,paypal,MEA,2023-05-17,failed,4,11.6,171.12,M1445,EUR,v1
T00835,U109,3161.94,user109@datamail.co,Gaming,crypto,US-West,2023-12-27,completed,10,5.6,186.93,M1777,USD,v2
T00218,U660,220.04,user660@techfirm.org,Healthcare,bank_transfer,CA-East,2024-09-07,completed,10,9.2,12.44,M5464,USD,v1
T00204,U511,3156.53,user511@biz.net,Gaming,credit_card,APAC,2024-04-27,completed,6,10.6,489.44,M9698,EUR,v1
T00969,U805,343.05,user805@enterprise.com,Gaming,bank_transfer,EU-North,2024-03-06,failed,7,9.1,30.8,M9596,EUR,v2
T00987,U478,1162.56,user478@datamail.co,Healthcare,debit_card,MEA,2024-06-10,pending,8,17.6,197.72,M3110,GBP,v2
T00094,U397,3191.96,user397@company.io,Subscriptions,paypal,APAC,2023-10-16,completed,3,29.8,209.69,M2965,USD,v1
T00853,U489,2401.79,user489@biz.net,Groceries,debit_card,EU-North,2023-12-09,completed,7,24.7,344.99,M2015,EUR,v2
T00069,U597,2587.32,user597@corp.net,Finance,gift_card,US-East,2023-04-10,refunded,5,15.7,207.65,M5044,EUR,v1
T00933,U263,2136.89,user263@corp.net,Home & Garden,paypal,APAC,2024-04-24,pending,5,12.1,264.37,M6670,GBP,v2
T00285,U240,2173.14,user240@biz.net,Groceries,crypto,US-East,2024-04-25,completed,5,15.6,139.56,M7842,CAD,v1
T00697,U706,3777.04,user706@techfirm.org,Groceries,debit_card,MEA,2023-09-03,failed,10,3.0,470.36,M5448,USD,v2
T00086,U634,2852.64,user634@gmail.com,Groceries,debit_card,CA-East,2023-01-31,completed,1,9.0,238.42,M7163,EUR,v1
T00435,U663,4270.41,user663@hotmail.com,Electronics,bank_transfer,US-East,2023-08-12,refunded,3,26.1,413.71,M2180,INR,v1
T00850,U908,1140.73,user908@corp.net,Electronics,debit_card,APAC,2024-04-14,completed,7,23.5,122.14,M4210,INR,v2
T00154,U929,3231.59,user929@corp.net,Healthcare,gift_card,CA-East,2023.06.15,completed,10,22.4,305.37,M1155,INR,v1
T00076,U369,4005.99,user369@yahoo.com,Subscriptions,crypto,APAC,2024-07-19,pending,2,28.4,369.48,M2690,USD,v1
T01076,U375,1638.02,,Groceries,bank_transfer,EU-North,2023-01-11,completed,1,5.0,122.74,M2347,INR,v2
T00790,U780,2309.39,user780@corp.net,Finance,gift_card,EU-North,2023-11-16,completed,1,29.3,369.01,M7641,EUR,v2
T00581,U274,4257.33,user274@datamail.co,Finance,crypto,EU-North,2024-03-30,completed,9,11.5,215.66,M8053,USD,v2
T00447,U930,819.31,user930@gmail.com,Electronics,debit_card,EU-Central,2023-01-22,completed,4,22.9,83.48,M6844,USD,v1
T00704,U393,2568.37,user393@techfirm.org,Travel,credit_card,CA-East,2023-03-09,COMPLETED,10,4.1,333.84,M1728,EUR,v2
T00189,U267,880.46,user267@datamail.co,Gaming,bank_transfer,LATAM,2023-08-17,failed,4,3.7,56.86,M4011,USD,v1
T00272,U184,2462.5,user184@yahoo.com,Travel,debit_card,US-East,2024-04-07,pending,6,19.3,162.86,,GBP,v1
T00237,U241,2366.57,user241@techfirm.org,Education,debit_card,US-East,2023-11-06,completed,9,4.0,326.71,M1213,CAD,v1
T00488,U461,3366.26,user461@datamail.co,Gaming,bank_transfer,EU-North,2024-07-01,completed,5,23.8,519.66,M5977,EUR,v1
T01194,U895,4079.02,user895@corp.net,Home & Garden,paypal,EU-Central,2024-02-06,completed,4,28.6,213.04,M5834,GBP,v2
T00560,U192,3559.64,user192@corp.net,Travel,paypal,CA-East,2023-10-22,refunded,7,7.9,182.13,M4363,CAD,v2
T00118,U249,1991.75,user249@enterprise.com,Gaming,gift_card,US-East,2023-07-13,completed,9,24.4,269.34,M9964,USD,v1
T00638,U546,1325.99,user546@techfirm.org,Clothing,crypto,US-East,2023-07-03,pending,1,26.0,174.2,M7418,USD,v2
T01111,,571.81,user190@datamail.co,Finance,gift_card,US-East,2024-07-14,pending,8,6.8,56.08,M9393,USD,v2
T00802,U806,4483.95,user806@outlook.com,Healthcare,gift_card,EU-North,2024-02-21,completed,1,28.7,528.88,M4424,USD,v2
T00751,U916,106.82,user916@outlook.com,Home & Garden,gift_card,EU-North,2023-05-17,PENDING,6,14.3,13.4,M2231,INR,v2
T00513,U914,1688.45,user914@enterprise.com,Clothing,paypal,LATAM,2023-05-08,completed,2,0.7,141.48,M1950,GBP,v2
T00634,U343,446.79,user343@company.io,Travel,credit_card,LATAM,2024-08-07,completed,4,9.0,39.45,M3911,USD,v2
T00904,U885,245.09,user885@enterprise.com,Groceries,gift_card,US-East,2024-03-20,completed,7,25.9,21.35,M4788,USD,v2
T01049,U536,3925.24,user536@hotmail.com,Finance,credit_card,EU-Central,2023-03-23,failed,3,0.3,498.42,M9512,CAD,v2
T00913,U943,2496.02,user943@gmail.com,Home & Garden,credit_card,MEA,2023-06-13,failed,9,2.3,448.86,M3771,CAD,v2
T00127,U958,2771.33,user958@outlook.com,Gaming,paypal,EU-Central,2024-05-15,pending,5,16.7,209.5,M5120,USD,v1
T00791,U569,316.46,,Clothing,bank_transfer,US-East,2023-11-02,completed,8,24.9,17.93,M7448,CAD,v2
T00830,U843,3676.75,user843@outlook.com,Subscriptions,credit_card,LATAM,2024-04-18,pending,6,4.0,621.77,M7344,USD,v2
T00117,U201,913.7,user201@enterprise.com,Groceries,gift_card,EU-North,2023-06-14,completed,1,25.6,103.92,M6630,USD,v1
T00474,U748,78.33,user748@gmail.com,Travel,bank_transfer,APAC,2024-03-01,refunded,4,2.8,13.72,M2263,INR,v1
T00741,U791,784.42,user791@hotmail.com,Clothing,credit_card,EU-Central,2024-03-03,refunded,2,1.3,59.93,M2456,CAD,v2
T01044,U421,3809.54,user421@company.io,Groceries,gift_card,EU-North,2023-01-12,completed,10,6.4,275.46,M9631,CAD,v2
T00058,U683,3708.54,user683@datamail.co,Clothing,paypal,APAC,2023-04-06,failed,7,27.6,441.04,M4731,USD,v1
T00604,U638,3157.36,user638@yahoo.com,Clothing,gift_card,LATAM,2024-04-30,failed,1,7.9,432.14,M8026,GBP,v2
T00787,U930,3588.41,user930@hotmail.com,Clothing,paypal,CA-East,2023-08-09,completed,3,2.7,589.86,M5357,CAD,v2
T00831,U494,4430.11,user494@hotmail.com,Subscriptions,debit_card,CA-East,2023-05-20,completed,2,3.4,373.5,M6432,USD,v2
T00120,U856,4032.16,user856@gmail.com,Subscriptions,bank_transfer,MEA,2023-10-05,failed,8,12.1,247.22,M3348,INR,v1
T00657,U894,662.76,user894@company.io,Education,crypto,MEA,2023-05-03,failed,3,13.8,33.82,M2841,CAD,v2
T00966,U183,1839.84,user183@outlook.com,Subscriptions,crypto,EU-North,2024-09-30,completed,1,25.5,252.07,M5806,CAD,v2
T00986,U854,3404.11,user854@enterprise.com,Electronics,paypal,LATAM,2023-05-29,completed,5,28.6,301.39,M1762,CAD,v2
T00106,U829,4438.91,user829@corp.net,Clothing,paypal,MEA,2023-03-18,failed,10,29.4,405.54,M2519,USD,v1
T00636,U185,66.52,user185@corp.net,Electronics,debit_card,EU-North,2023-07-09,completed,6,25.3,6.64,M8077,EUR,v2
T00370,U278,3638.39,user278@techfirm.org,Electronics,gift_card,EU-Central,2023-05-23,failed,6,21.1,384.7,M3012,EUR,v1
T00269,U522,4172.01,user522@techfirm.org,Subscriptions,crypto,LATAM,2023-09-15,completed,4,25.5,230.19,M8044,CAD,v1
T00656,U801,1543.38,user801@techfirm.org,Finance,crypto,CA-East,2024-05-28,completed,6,6.7,137.46,M9299,USD,v2
T00820,U697,1743.19,user697@biz.net,Healthcare,credit_card,US-West,2024-03-17,completed,9,25.7,288.28,M8792,USD,v2
T00823,U188,3003.36,user188@techfirm.org,Education,debit_card,US-East,2024-05-09,pending,10,18.6,482.36,M7957,USD,v2
T00047,U550,3433.74,user550@hotmail.com,Education,paypal,US-West,2023-01-29,completed,7,9.5,474.06,M5876,USD,v1
T00350,U242,2020.74,user242@outlook.com,Subscriptions,debit_card,CA-East,2023-06-16,refunded,2,29.6,104.47,M5005,USD,v1
T00774,,1629.14,user865@yahoo.com,Travel,debit_card,EU-North,2024-01-12,failed,2,8.0,197.16,M3152,USD,v2
T00196,U591,1428.08,user591@biz.net,Finance,paypal,EU-North,2023-01-17,refunded,7,22.5,187.68,M2226,CAD,v1
T00103,U308,-89.82,user308@yahoo.com,Gaming,debit_card,MEA,2023-03-04,completed,10,11.3,480.35,M1018,CAD,v1
T00005,U642,258.49,user642@enterprise.com,Finance,crypto,EU-North,2023-08-13,pending,8,12.1,17.57,M7296,USD,v1
T00620,U537,3025.38,user537@biz.net,Gaming,bank_transfer,EU-Central,2024-04-14,failed,7,26.5,231.93,M5784,EUR,v2
T00572,U244,1449.3,user244@techfirm.org,Healthcare,debit_card,US-East,2024-03-20,Refunded,6,2.4,258.64,M2153,EUR,v2
T00053,U195,3493.77,user195@company.io,Travel,paypal,LATAM,2023-10-07,Completed,8,16.4,255.48,M3139,CAD,v1
T00264,U500,4181.92,user500@techfirm.org,Travel,paypal,EU-North,2024-07-18,failed,10,7.0,427.77,M3909,EUR,v1
T01134,U899,2640.79,user899@yahoo.com,Education,crypto,EU-North,2024-07-02,completed,8,3.7,222.92,M1436,INR,v2
T00444,U360,2095.72,user360@corp.net,Clothing,paypal,CA-East,2023-08-05,completed,10,8.7,109.07,M6972,USD,v1
T01030,U906,4233.28,user906@gmail.com,Gaming,debit_card,MEA,2023-01-24,completed,2,13.0,642.57,M2237,INR,v2
T00783,U136,1073.6,user136@enterprise.com,Groceries,paypal,US-East,2024-07-22,completed,1,2.5,74.67,M6561,USD,v2
T00838,U109,159.88,user109@enterprise.com,Groceries,bank_transfer,MEA,,completed,5,2.3,14.07,M3479,CAD,v2
T00907,U776,1952.81,user776@company.io,Clothing,debit_card,EU-Central,2024-04-05,pending,2,8.3,315.35,M1090,GBP,v2
T00692,U460,1784.47,user460@hotmail.com,Electronics,gift_card,US-East,2023-01-30,refunded,2,9.8,191.98,M4161,GBP,v2
T00305,U944,2929.17,user944@biz.net,Groceries,credit_card,MEA,2023-06-18,completed,1,18.1,362.15,M4822,USD,v1
T00342,U495,4106.42,user495@techfirm.org,Finance,credit_card,APAC,2023-01-02,pending,3,12.4,512.35,,USD,v1
T00937,U182,3977.77,user182@gmail.com,Healthcare,debit_card,EU-North,2023-03-15,completed,7,3.9,310.15,M4322,USD,v2
T00314,U127,3867.74,user127@hotmail.com,Subscriptions,debit_card,LATAM,2023-04-15,completed,10,10.6,353.63,M6713,USD,v1
T00150,U512,206.09,user512@enterprise.com,Electronics,paypal,APAC,2023-05-02,completed,5,16.4,14.56,M1973,USD,v1
T00125,U335,2545.37,user335@hotmail.com,Subscriptions,debit_card,EU-North,2024-01-09,completed,1,11.4,456.15,M2659,INR,v1
T01097,U392,-89.82,user392@hotmail.com,Clothing,bank_transfer,APAC,2023-10-15,failed,2,15.6,39.21,M5359,GBP,v2
T00575,U855,940.88,user855@yahoo.com,Groceries,debit_card,MEA,2024-06-28,failed,3,15.2,158.45,M8425,CAD,v2
T00698,U424,2390.78,user424@company.io,Gaming,credit_card,LATAM,2023-12-24,failed,5,22.1,343.77,M1199,USD,v2
T00665,U821,1194.64,user821@outlook.com,Groceries,gift_card,EU-North,2023-06-29,completed,9,23.9,81.21,M7379,USD,v2
T00051,U992,1034.64,user992@techfirm.org,Subscriptions,credit_card,EU-North,2024-02-06,completed,8,20.5,163.9,M6607,INR,v1
T00921,U686,2165.1,user686@hotmail.com,Groceries,gift_card,MEA,2024-05-29,failed,9,15.0,375.85,M8525,INR,v2
T00727,U676,3813.08,user676@datamail.co,Gaming,paypal,US-West,2023-09-16,failed,9,26.7,356.61,M7438,CAD,v2
T00800,U892,2056.72,user892@corp.net,Travel,credit_card,LATAM,2023-03-31,completed,10,15.9,296.6,M8735,USD,v2
T00834,U679,1333.23,user679@datamail.co,Clothing,crypto,APAC,2024-07-03,failed,1,26.3,206.33,M3050,INR,v2
T00354,U997,969.86,user997@yahoo.com,Finance,crypto,CA-East,2023-10-15,completed,4,17.4,164.78,M1900,USD,v1
T01187,U816,4202.74,user816@yahoo.com,Electronics,debit_card,MEA,2023-08-01,refunded,2,6.0,577.81,M9814,USD,v2
T00143,U525,4167.29,user525@outlook.com,Education,paypal,APAC,2023-11-25,completed,5,25.4,704.16,M1369,EUR,v1
T00471,U837,2043.82,user837@outlook.com,Clothing,gift_card,MEA,2023-06-15,completed,10,13.4,328.35,M4718,USD,v1
T00991,U654,91.4,user654@company.io,Gaming,debit_card,EU-Central,2024-07-24,refunded,4,14.7,7.99,M7595,EUR,v2
T00654,U725,3044.65,user725@hotmail.com,Travel,debit_card,MEA,2023-08-19,completed,9,1.3,293.06,M8592,GBP,v2
T00400,U376,1727.08,user376@techfirm.org,Clothing,paypal,US-West,2023-10-19,refunded,8,13.9,126.47,M9473,CAD,v1
T01128,U601,2085.72,user601@gmail.com,Finance,gift_card,APAC,2023-08-05,completed,10,8.2,152.72,M5986,INR,v2
T00980,U782,1458.39,user782@gmail.com,Gaming,crypto,LATAM,2024-02-23,completed,5,14.3,102.18,M3245,USD,v2
T00321,U297,2520.64,user297@company.io,Education,debit_card,US-East,2024-09-16,pending,2,15.4,197.45,M4439,USD,v1
T00020,U831,326.59,user831@datamail.co,Travel,crypto,LATAM,2023-11-29,completed,4,5.7,40.84,M7334,INR,v1
T00685,U471,2550.65,user471@hotmail.com,Gaming,crypto,MEA,2024-06-25,completed,4,28.4,248.73,M7378,USD,v2
T00036,U595,4271.38,user595@outlook.com,Groceries,credit_card,US-East,,completed,1,29.2,748.11,M9040,USD,v1
T00825,,1561.55,user784@corp.net,Subscriptions,bank_transfer,CA-East,2023-12-05,refunded,5,17.2,105.59,M2850,GBP,v2
T00506,U528,3951.07,user528@techfirm.org,Electronics,bank_transfer,MEA,2023-04-05,completed,7,8.6,493.49,M8990,GBP,v2
T00828,U701,3261.93,user701@corp.net,Gaming,crypto,APAC,2024-09-13,completed,7,24.2,467.96,M1138,CAD,v2
T01181,U767,2586.25,,Finance,credit_card,LATAM,2023-01-25,pending,3,17.4,270.41,M9133,INR,v2
T00408,U949,3729.95,user949@hotmail.com,Groceries,crypto,EU-Central,2023-02-13,pending,10,4.9,393.87,M5029,GBP,v1
T00818,U762,1353.54,user762@yahoo.com,Electronics,crypto,US-West,2024-05-30,completed,6,0.3,149.28,M3234,CAD,v2
T00867,U431,1726.02,user431@corp.net,Education,debit_card,EU-Central,2024-09-29,pending,5,22.0,126.92,M7393,INR,v2
T00538,U318,0.0,user318@company.io,Clothing,bank_transfer,EU-Central,2024-08-01,completed,7,15.0,516.41,M5367,GBP,v2
T00759,U218,976.22,user218@outlook.com,Electronics,bank_transfer,EU-North,2023-12-06,failed,5,28.9,166.59,M8884,USD,v2
T01103,U536,2729.33,user536@gmail.com,Home & Garden,credit_card,EU-Central,2024-07-19,failed,3,26.5,200.03,M1507,USD,v2
T01186,U904,2116.89,user904@biz.net,Subscriptions,paypal,APAC,2023-02-05,pending,4,20.4,116.48,M4035,USD,v2
T00039,U328,1860.1,user328@corp.net,Groceries,gift_card,US-East,2024-07-23,failed,8,25.8,138.08,M1530,CAD,v1
T00176,U910,3518.07,user910@biz.net,Electronics,gift_card,CA-East,2023-05-20,completed,9,18.0,263.87,M8956,CAD,v1
T00246,U841,0.0,user841@company.io,Healthcare,debit_card,APAC,2023-12-25,refunded,10,10.7,182.31,M4626,USD,v1
T00811,U566,3677.8,user566@techfirm.org,Electronics,gift_card,EU-Central,2023-10-23,refunded,3,11.2,277.93,M2112,USD,v2
T01119,U949,1248.35,user949@enterprise.com,Finance,bank_transfer,US-East,2023-12-03,completed,2,5.1,218.09,M4671,CAD,v2
T01027,,2727.64,user131@yahoo.com,Education,debit_card,EU-North,2023-04-26,PENDING,2,23.8,337.81,M9900,EUR,v2
T00785,U889,2818.2,user889@biz.net,Travel,credit_card,EU-Central,2023-11-06,completed,5,1.6,247.19,M2464,INR,v2
T00419,U872,4013.94,user872@yahoo.com,Home & Garden,crypto,LATAM,2024-07-05,pending,6,7.5,424.81,,GBP,v1
T00490,U773,4124.81,user773@company.io,Home & Garden,gift_card,APAC,2024-07-19,failed,2,16.7,485.02,M8112,CAD,v1
T00155,U322,648.9,user322@biz.net,Electronics,gift_card,MEA,2024/13/01,failed,7,21.7,51.96,M3162,INR,v1
T00639,U348,3042.09,user348@biz.net,Travel,debit_card,US-East,2023-09-08,refunded,7,2.7,541.71,M1467,USD,v2
T00663,U275,1187.01,user275@company.io,Clothing,paypal,LATAM,2024-08-14,completed,6,6.9,213.4,M8076,GBP,v2
T00854,U459,2832.4,user459@hotmail.com,Electronics,credit_card,LATAM,2024-05-19,completed,4,15.3,269.11,M5270,USD,v2
T00288,U529,4482.46,user529@company.io,Home & Garden,gift_card,EU-Central,2024-01-02,completed,9,18.9,434.74,M2708,CAD,v1
T00626,U975,3902.3,user975@corp.net,Electronics,credit_card,APAC,2023-04-29,pending,7,28.3,292.65,M6630,EUR,v2
T01161,U884,0.0,user884@hotmail.com,Gaming,paypal,US-East,2023-02-17,completed,7,27.9,493.29,M8087,INR,v2
T00686,,47.69,user506@enterprise.com,Travel,credit_card,EU-Central,2023-06-17,refunded,9,6.6,5.16,M4348,INR,v2
T01050,U401,956.14,user401@outlook.com,Subscriptions,crypto,MEA,2023-04-19,completed,4,11.6,147.29,M2752,USD,v2
T00934,U172,3007.25,user172@biz.net,Finance,gift_card,MEA,,pending,1,8.4,439.39,M9693,USD,v2
T00570,U145,3749.15,user145@datamail.co,Education,paypal,CA-East,2024-07-09,failed,6,22.9,529.72,M9369,INR,v2
T01178,U591,681.79,user591@outlook.com,Education,debit_card,LATAM,2023-06-07,pending,9,4.9,72.47,M7068,USD,v2
T00735,U634,487.75,user634@outlook.com,Subscriptions,gift_card,CA-East,2024-07-15,completed,2,20.1,30.27,M9449,EUR,v2
T00793,U294,3486.68,user294@outlook.com,Finance,debit_card,APAC,2024-02-27,completed,1,15.6,592.0,M6959,EUR,v2
T00018,U560,3369.46,user560@outlook.com,Gaming,bank_transfer,US-West,2024-03-16,completed,2,0.9,510.52,M1628,CAD,v1
T00128,U466,1320.63,user466@company.io,Education,gift_card,EU-North,2023-12-29,completed,4,4.9,159.1,M1620,INR,v1
T00323,U718,2825.73,user718@techfirm.org,Clothing,paypal,MEA,2024-04-15,refunded,1,11.7,381.87,M5888,EUR,v1
T00256,U243,2199.42,user243@hotmail.com,Home & Garden,debit_card,EU-North,2023-03-15,completed,6,4.8,191.35,M4115,USD,v1
T01009,U201,2696.32,user201@hotmail.com,Groceries,paypal,APAC,2024-08-29,pending,4,11.8,139.71,M1373,INR,v2
T00928,U475,2800.42,user475@company.io,Clothing,bank_transfer,LATAM,2023-10-12,completed,7,23.8,445.53,M3598,USD,v2
T00872,U169,201.05,user169@corp.net,Home & Garden,debit_card,CA-East,2024-09-30,refunded,8,14.8,20.0,M8867,USD,v2
T00191,U485,1344.02,user485@outlook.com,Finance,credit_card,APAC,2023-09-22,completed,2,4.0,98.88,M8068,EUR,v1
T00116,U501,3312.81,user501@gmail.com,Finance,credit_card,US-West,2023-06-16,completed,1,15.0,564.0,M3573,EUR,v1
T01073,U275,2203.63,user275@hotmail.com,Gaming,credit_card,US-East,2023-10-17,failed,7,14.0,372.74,M2125,EUR,v2
T01086,U904,2715.19,user904@hotmail.com,Education,crypto,MEA,2023-03-28,refunded,6,21.5,364.97,M7722,USD,v2
T00607,U715,1537.59,user715@yahoo.com,Electronics,credit_card,APAC,2023-10-09,pending,10,21.5,125.03,M1252,USD,v2
T00181,U170,2563.71,user170@enterprise.com,Groceries,bank_transfer,LATAM,2024-03-13,failed,9,26.4,263.92,M9831,USD,v1
T00302,U563,386.52,user563@biz.net,Travel,crypto,APAC,2023-03-09,failed,5,24.2,61.11,M9963,CAD,v1
T00497,U848,3841.23,user848@techfirm.org,Healthcare,debit_card,CA-East,2023-05-24,refunded,6,24.9,403.65,M2573,GBP,v1
T00349,U966,3888.78,user966@outlook.com,Healthcare,gift_card,US-East,2024-09-28,pending,2,2.5,421.69,M5195,INR,v1
T01069,U496,4432.11,user496@biz.net,Subscriptions,crypto,MEA,2024-01-19,refunded,5,16.4,399.85,M3926,EUR,v2
T00037,U673,2108.52,user673@yahoo.com,Subscriptions,bank_transfer,US-West,2024-09-17,completed,1,4.1,206.11,M4003,USD,v1
T00745,U934,4410.42,user934@corp.net,Subscriptions,gift_card,MEA,2023-10-06,pending,8,25.6,234.39,M3115,CAD,v2
T01116,U782,1228.47,user782@outlook.com,Healthcare,debit_card,CA-East,2024-02-15,pending,5,20.0,79.42,M4505,USD,v2
T01023,U293,3559.24,user293@company.io,Groceries,crypto,EU-North,2023-11-03,refunded,10,2.2,489.19,M5102,CAD,v2
T00518,,1700.56,user895@hotmail.com,Education,bank_transfer,MEA,2023-02-17,completed,5,6.4,295.91,M7730,USD,v2
T00373,U143,3432.57,user143@biz.net,Healthcare,crypto,MEA,2023-08-06,pending,10,13.8,602.45,M4039,GBP,v1
T00046,U513,1149.73,user513@gmail.com,Clothing,debit_card,APAC,2023-02-28,pending,10,23.7,205.84,M5782,USD,v1
T00477,U812,2289.35,user812@hotmail.com,Electronics,gift_card,US-East,2023-11-26,completed,3,1.7,401.17,M6605,INR,v1
T00158,U919,228.36,user919@company.io,Education,credit_card,EU-North,2023-03-21,completed,8,15.5,35.16,M2423,EUR,v1
T01081,U199,2741.13,user199@biz.net,Electronics,gift_card,MEA,2024-07-27,completed,1,26.5,355.95,M1309,CAD,v2
T00172,U970,478.9,user970@yahoo.com,Groceries,crypto,EU-Central,2023-09-06,failed,7,26.5,44.29,M9040,USD,v1
T00017,U738,2625.11,user738@enterprise.com,Clothing,gift_card,APAC,2023-03-22,completed,8,19.4,382.72,M1083,USD,v1
T00512,U875,2745.13,,Groceries,debit_card,APAC,2023-02-20,completed,5,13.9,472.94,M7935,CAD,v2
T00049,U494,4207.16,user494@gmail.com,Finance,bank_transfer,APAC,2023-08-31,failed,9,21.2,527.98,M1214,EUR,v1
T00192,U286,-89.82,user286@outlook.com,Gaming,bank_transfer,EU-North,2023-06-17,completed,5,9.7,311.57,M7654,EUR,v1
T00547,U378,1556.73,user378@outlook.com,Gaming,paypal,EU-North,2023-01-21,failed,2,17.3,246.28,M1703,INR,v2
T00516,U946,3883.64,user946@hotmail.com,Gaming,bank_transfer,US-East,2023-04-27,completed,8,7.0,635.48,M2108,USD,v2
T00659,U858,4452.97,user858@hotmail.com,Electronics,bank_transfer,EU-North,2024-06-23,completed,9,20.8,678.84,M4962,CAD,v2
T01004,U256,2597.72,user256@corp.net,Electronics,paypal,EU-North,2024-04-07,pending,3,9.0,275.81,M9143,USD,v2
T00829,U821,2593.6,user821@yahoo.com,Healthcare,crypto,MEA,2023-12-09,Completed,3,11.3,227.67,M6137,USD,v2
T01037,U720,1301.81,user720@hotmail.com,Clothing,credit_card,LATAM,2024-09-15,completed,8,27.4,208.44,M3575,USD,v2
T00481,U399,2094.43,user399@corp.net,Clothing,bank_transfer,US-West,2023.06.15,completed,1,1.1,284.97,M6360,CAD,v1
T00960,U128,705.99,user128@hotmail.com,Home & Garden,credit_card,EU-North,2023-08-11,FAILED,5,28.9,70.66,M7875,GBP,v2
T01163,U591,1949.23,user591@outlook.com,Gaming,gift_card,EU-Central,2024-06-15,refunded,8,20.0,293.09,M5986,USD,v2
T00284,U338,3607.23,user338@techfirm.org,Clothing,paypal,CA-East,2023-06-19,completed,8,26.5,614.36,M2880,CAD,v1
T01063,U838,1214.58,user838@gmail.com,Subscriptions,debit_card,MEA,2024-07-23,refunded,9,10.7,139.85,M3656,INR,v2
T00798,U120,2611.28,user120@techfirm.org,Clothing,bank_transfer,EU-North,2023-12-08,refunded,3,19.7,215.49,M4706,INR,v2
T01005,U905,30488.39,user905@corp.net,Education,crypto,APAC,2023-08-20,refunded,2,20.4,362.81,M9627,USD,v2
T00226,U527,1891.24,user527@biz.net,Education,debit_card,EU-Central,2024-04-14,pending,6,25.9,202.45,M9872,USD,v1
T00027,U372,2691.88,user372@yahoo.com,Healthcare,paypal,EU-Central,2023-05-07,completed,3,5.0,307.05,M5817,USD,v1
T00283,U690,3723.27,user690@hotmail.com,Home & Garden,gift_card,EU-Central,2023-04-11,completed,9,10.4,474.73,M4542,EUR,v1
T01184,U856,2655.72,user856@datamail.co,Education,bank_transfer,CA-East,2023-10-02,completed,7,6.3,283.27,M5134,CAD,v2
T00438,U255,2870.89,user255@enterprise.com,Groceries,crypto,US-West,2023-11-04,completed,2,9.7,174.06,M2765,CAD,v1
T00986,U854,3404.11,user854@enterprise.com,Electronics,paypal,LATAM,2023-05-29,completed,5,28.6,301.39,M1762,CAD,v2
T00365,U620,3569.25,user620@techfirm.org,Gaming,credit_card,EU-North,2023-09-05,failed,7,0.9,329.82,M5657,USD,v1
T00230,U115,2377.75,user115@enterprise.com,Finance,paypal,LATAM,2024-07-19,failed,2,6.4,343.74,M5649,USD,v1
T00038,U880,737.86,user880@techfirm.org,Subscriptions,paypal,US-West,2024-01-13,refunded,9,7.7,52.09,M5414,EUR,v1
T00670,U618,40.28,user618@enterprise.com,Subscriptions,paypal,EU-Central,2023-10-20,completed,8,24.0,2.1,M7778,USD,v2
T00750,U733,3077.34,user733@datamail.co,Education,gift_card,MEA,2023-01-08,completed,10,5.2,381.14,M5818,CAD,v2
T00303,U911,2611.81,user911@company.io,Groceries,paypal,MEA,2023-08-12,completed,1,24.1,342.54,M5102,USD,v1
T00375,U539,2861.97,user539@outlook.com,Groceries,debit_card,EU-Central,2023-07-09,completed,5,29.6,229.62,M5271,USD,v1
T00470,U362,1129.69,user362@corp.net,Education,debit_card,APAC,2023-02-19,completed,8,21.1,91.29,M5022,INR,v1
T00883,U913,1817.87,user913@biz.net,Healthcare,bank_transfer,US-West,2024-04-21,refunded,7,24.7,250.05,M9660,USD,v2
T01058,U264,2007.07,user264@company.io,Electronics,bank_transfer,EU-North,2023-10-25,completed,8,19.2,117.04,M6959,GBP,v2
T00016,U122,3852.82,user122@biz.net,Clothing,gift_card,EU-Central,2023-10-05,refunded,3,19.6,364.46,M9448,INR,v1
T00688,U344,3902.99,user344@outlook.com,Groceries,crypto,CA-East,2023-10-07,completed,6,1.0,290.31,M4080,USD,v2
T00033,U272,555.21,user272@datamail.co,Travel,paypal,LATAM,2023-09-27,completed,8,11.0,50.47,M1484,USD,v1
T00640,U302,914.07,user302@company.io,Finance,paypal,APAC,2023-07-17,failed,5,18.8,66.99,M4481,USD,v2
T01135,U283,3003.21,user283@hotmail.com,Clothing,gift_card,EU-North,2023-02-03,failed,7,18.1,529.95,M5587,EUR,v2
T00195,U862,524.83,user862@company.io,Electronics,paypal,EU-Central,2023-06-01,failed,3,11.9,27.36,M8809,INR,v1
T01140,U775,2253.14,user775@hotmail.com,Groceries,paypal,US-West,2024-03-29,completed,2,9.2,246.96,M3643,EUR,v2
T01148,U629,1275.57,user629@hotmail.com,Education,crypto,EU-Central,2023-09-13,completed,7,10.5,139.73,M2363,CAD,v2
T01019,U156,753.66,user156@gmail.com,Travel,crypto,US-East,2023-07-25,pending,7,8.2,83.89,M4219,CAD,v2
T00504,U870,635.94,user870@company.io,Electronics,bank_transfer,EU-North,2024-02-06,refunded,5,20.6,35.58,M7498,CAD,v2
T00916,U263,3539.43,user263@gmail.com,Finance,bank_transfer,MEA,2023-03-09,completed,8,7.0,479.29,M8529,USD,v2
T01034,U560,3864.35,user560@outlook.com,Gaming,paypal,APAC,2024-09-01,refunded,1,2.3,492.49,M2171,GBP,v2
T01068,U438,3994.1,user438@gmail.com,Home & Garden,gift_card,EU-Central,2024-02-02,completed,9,25.9,333.31,M7428,USD,v2
T01122,U624,4086.42,user624@datamail.co,Clothing,debit_card,LATAM,2023-09-12,completed,4,2.1,409.98,M9310,USD,v2
T00801,U681,213.12,user681@corp.net,Gaming,paypal,CA-East,2023-09-04,refunded,1,8.4,24.84,M5066,EUR,v2
T00580,U425,3794.24,user425@corp.net,Healthcare,gift_card,CA-East,2023-07-28,completed,10,5.4,542.36,M7449,CAD,v2
T00161,U189,879.17,user189@hotmail.com,Gaming,credit_card,US-East,2023-09-09,completed,1,6.9,145.03,M2795,USD,v1
T01171,U149,508.5,user149@yahoo.com,Finance,gift_card,MEA,2023-09-20,failed,2,4.8,78.97,M9699,EUR,v2
T00681,U849,4322.57,user849@company.io,Electronics,debit_card,MEA,2023-04-04,failed,5,5.5,432.64,M6290,USD,v2
T00957,U721,2352.14,user721@datamail.co,Subscriptions,credit_card,LATAM,2023-07-15,failed,5,14.4,286.7,M2512,CAD,v2
T01165,U107,2812.55,user107@hotmail.com,Finance,debit_card,US-East,2024-01-13,completed,7,15.9,216.21,M5350,USD,v2
T00163,U967,1464.72,user967@corp.net,Gaming,gift_card,CA-East,2023-11-29,completed,9,24.5,246.67,M7254,EUR,v1
T00822,U953,4171.97,user953@techfirm.org,Gaming,gift_card,US-East,2024-06-06,completed,8,12.8,546.71,M1890,EUR,v2
T00706,U684,1700.31,user684@company.io,Groceries,credit_card,MEA,2023-08-27,failed,10,16.9,174.46,M9216,GBP,v2
T01051,U370,3169.35,user370@outlook.com,Finance,crypto,LATAM,2023-10-08,failed,1,27.8,400.51,M3405,CAD,v2
T00878,U557,3406.04,user557@datamail.co,Electronics,credit_card,MEA,2023-05-23,completed,2,1.8,545.36,M8084,EUR,v2
T00896,U543,4319.43,user543@biz.net,Education,paypal,CA-East,2023-03-23,completed,8,29.7,495.09,M4768,USD,v2
T00914,U247,4258.08,,Electronics,debit_card,APAC,2024-01-02,refunded,3,7.5,741.88,M7685,GBP,v2
T00229,U530,3783.64,user530@techfirm.org,Finance,bank_transfer,US-West,2023-05-05,completed,3,13.0,447.59,M9539,EUR,v1
T00153,U606,1766.58,user606@gmail.com,Clothing,crypto,APAC,2024-09-20,failed,7,10.6,293.93,M5740,USD,v1
T00223,U173,782.3,user173@datamail.co,Education,paypal,MEA,2024-03-04,completed,6,9.4,67.32,M2406,USD,v1
T01048,U975,1084.01,user975@hotmail.com,Finance,credit_card,US-West,2024-01-02,completed,4,27.4,136.49,M8698,EUR,v2
T00510,U249,4089.98,user249@techfirm.org,Finance,credit_card,LATAM,2023-08-18,completed,6,24.8,274.92,M5485,USD,v2
T01038,U687,1651.41,user687@company.io,Finance,credit_card,APAC,2023-08-06,failed,8,0.9,173.61,M3801,GBP,v2
T00104,U548,1084.78,user548@outlook.com,Clothing,gift_card,EU-North,2024-03-07,failed,6,27.5,127.26,M3929,GBP,v1
T00587,U651,2659.91,user651@outlook.com,Gaming,gift_card,MEA,2024-01-15,completed,1,19.1,257.9,M9477,CAD,v2
T01095,U100,3367.35,user100@datamail.co,Travel,crypto,EU-North,2023-08-24,refunded,6,5.1,428.49,M5866,USD,v2
T00054,U664,1666.0,user664@biz.net,Electronics,debit_card,MEA,2023-05-17,completed,7,24.3,123.89,M2606,CAD,v1
T00152,U992,0.0,user992@corp.net,Healthcare,paypal,LATAM,2024-06-09,completed,8,2.7,42.3,M8416,USD,v1
T00404,U795,574.52,user795@enterprise.com,Clothing,paypal,US-West,2024-04-02,completed,3,1.4,51.62,M7158,USD,v1
T00208,U695,2044.5,user695@techfirm.org,Home & Garden,paypal,LATAM,2023-07-01,failed,7,27.9,232.47,M6469,USD,v1
T01169,U863,4420.52,user863@hotmail.com,Clothing,bank_transfer,APAC,2024-06-10,completed,10,14.6,675.54,M2163,GBP,v2
T00009,U975,614.63,user975@company.io,Travel,credit_card,EU-Central,2023-06-18,completed,1,1.5,100.03,M9216,CAD,v1
T01015,U695,573.77,user695@enterprise.com,Groceries,crypto,EU-Central,2024-09-16,refunded,7,20.2,36.88,M7620,EUR,v2
T00453,U722,2455.0,user722@yahoo.com,Clothing,debit_card,EU-Central,2024-03-05,failed,10,22.7,202.57,M6781,EUR,v1
T00254,U518,2197.21,user518@hotmail.com,Finance,crypto,MEA,2023-08-03,pending,1,20.7,271.82,M5966,USD,v1
T00897,U212,512.19,user212@gmail.com,Clothing,paypal,CA-East,2023-07-13,completed,4,15.7,59.44,M5924,CAD,v2
T00538,U318,0.0,user318@company.io,Clothing,bank_transfer,EU-Central,2024-08-01,completed,7,15.0,516.41,M5367,GBP,v2
T00881,U163,2095.54,,Clothing,crypto,LATAM,2023-02-21,refunded,7,1.2,354.54,,EUR,v2
T01167,U219,4097.75,user219@datamail.co,Gaming,paypal,EU-North,2023-09-03,completed,5,29.3,736.91,M3005,INR,v2
T00624,,2134.75,user655@company.io,Healthcare,bank_transfer,US-East,2023-01-20,completed,5,29.4,191.41,M2826,EUR,v2
T00346,U583,2153.34,user583@hotmail.com,Finance,crypto,MEA,2023-06-13,completed,5,11.8,150.36,M3813,USD,v1
T01064,U816,3193.0,user816@corp.net,Subscriptions,gift_card,CA-East,2024-06-20,refunded,4,29.1,275.64,M7763,CAD,v2
T00263,U922,3815.37,user922@hotmail.com,Gaming,paypal,US-West,2023-01-23,completed,7,19.9,545.32,M1683,USD,v1
T00151,U812,554.88,user812@gmail.com,Electronics,crypto,US-East,2024-04-29,completed,4,5.0,72.1,M8865,USD,v1
T00473,U722,3105.98,user722@datamail.co,Travel,paypal,MEA,2023-07-07,completed,8,11.0,251.2,M6934,EUR,v1
T00641,U494,1855.74,user494@company.io,Subscriptions,paypal,CA-East,2023-10-04,completed,10,1.3,160.61,M5108,USD,v2
T00012,U308,3055.91,user308@enterprise.com,Groceries,credit_card,MEA,2023-10-18,completed,8,16.0,477.72,M7590,USD,v1
T01164,U385,1664.38,user385@outlook.com,Travel,bank_transfer,APAC,2023-07-20,completed,2,7.6,84.83,M6408,GBP,v2
T00551,U895,1589.5,user895@corp.net,Home & Garden,credit_card,APAC,2024-03-06,pending,8,12.0,150.0,M3485,EUR,v2
T00929,U975,1016.75,user975@gmail.com,Electronics,bank_transfer,EU-Central,2024-06-11,failed,3,5.9,141.37,M4337,USD,v2
T00489,U710,0.0,user710@yahoo.com,Clothing,debit_card,EU-North,2024-09-29,completed,4,18.2,644.58,M1862,USD,v1
T01115,U333,758.81,user333@company.io,Gaming,credit_card,US-West,2023-07-10,completed,9,7.1,115.82,M9029,USD,v2
T00147,U700,1273.44,user700@datamail.co,Home & Garden,debit_card,APAC,2023-09-23,completed,7,23.6,99.32,M7178,CAD,v1
T00403,U430,-89.82,user430@gmail.com,Finance,crypto,US-West,2024-08-19,completed,8,10.9,227.86,M1117,USD,v1
T00955,U518,2547.86,user518@biz.net,Groceries,paypal,CA-East,2024-05-01,completed,4,24.3,299.68,M3050,GBP,v2
T01159,U836,765.04,user836@hotmail.com,Healthcare,crypto,EU-North,2024-02-19,pending,3,2.2,51.17,M2715,CAD,v2
T00660,U444,596.93,user444@gmail.com,Healthcare,debit_card,MEA,2023-10-25,completed,2,24.0,71.98,M5640,USD,v2
T00464,U365,2969.39,user365@outlook.com,Finance,paypal,MEA,2023-05-28,refunded,2,4.2,529.84,M3780,USD,v1
T00187,U730,1778.93,user730@company.io,Gaming,credit_card,US-West,2023-07-30,pending,9,16.2,238.98,,EUR,v1
T00609,U573,2708.27,user573@datamail.co,Subscriptions,credit_card,US-East,2024-07-05,failed,9,28.6,233.2,M6022,USD,v2
T00144,U511,4317.95,user511@datamail.co,Home & Garden,paypal,APAC,2023-07-19,pending,3,24.5,543.55,M4244,USD,v1
T00752,U922,2755.25,user922@hotmail.com,Home & Garden,bank_transfer,CA-East,2023-12-18,completed,10,5.9,259.08,,EUR,v2
T00982,U446,1157.4,user446@biz.net,Gaming,debit_card,LATAM,2023-12-30,completed,10,24.8,89.4,M9029,USD,v2
T00198,U882,2137.39,user882@company.io,Groceries,crypto,APAC,2024-04-26,completed,5,22.9,217.31,M9039,USD,v1
T00884,U961,2658.86,user961@enterprise.com,Education,crypto,APAC,2023-11-09,refunded,7,21.4,135.87,M5910,EUR,v2
T00280,U453,3937.19,user453@hotmail.com,Education,paypal,US-East,2023-05-23,completed,8,6.6,637.76,M1986,USD,v1
T00294,U505,1088.59,user505@company.io,Education,debit_card,APAC,2024-07-24,completed,6,11.3,181.25,M3643,EUR,v1
T01123,U797,3500.65,user797@yahoo.com,Groceries,crypto,LATAM,2023-12-17,Completed,2,2.5,450.91,M8661,USD,v2
T00401,U995,3633.5,user995@biz.net,Subscriptions,credit_card,EU-North,2024-09-25,completed,6,26.3,644.29,M2013,USD,v1
T00123,U281,3030.2,user281@datamail.co,Gaming,crypto,CA-East,2023-01-23,Completed,1,10.6,418.61,M1661,GBP,v1
T00203,U425,4134.97,user425@company.io,Education,credit_card,CA-East,2023-09-12,completed,7,5.4,266.73,M2791,USD,v1
T00836,U103,2116.27,user103@company.io,Gaming,debit_card,EU-North,2023-05-17,completed,8,0.5,193.21,M5568,INR,v2
T00247,U524,2331.99,user524@techfirm.org,Healthcare,paypal,CA-East,2024-02-02,refunded,4,3.3,295.42,M8236,INR,v1
T01174,U819,343.3,,Education,debit_card,APAC,2023-05-10,failed,7,2.1,26.34,M9879,INR,v2
T01162,U396,1342.79,user396@corp.net,Finance,credit_card,EU-North,2023-01-30,pending,3,23.4,95.5,M8729,GBP,v2
T00385,U246,1111.92,user246@corp.net,Clothing,paypal,US-West,2024-09-30,pending,9,23.4,144.87,M2535,EUR,v1
T00855,U624,57.38,user624@enterprise.com,Education,debit_card,EU-North,2024-03-11,completed,10,13.1,9.42,M3547,GBP,v2
T00220,U789,2226.07,user789@corp.net,Education,bank_transfer,CA-East,2024-09-12,completed,5,11.4,327.67,M7871,USD,v1
T00642,U933,3949.19,,Education,crypto,CA-East,2023-12-18,pending,7,28.5,399.67,M2368,CAD,v2
T00002,U971,1263.33,user971@datamail.co,Groceries,debit_card,MEA,2023-07-07,completed,6,3.5,153.66,M5265,GBP,v1
T00113,U612,1779.99,user612@biz.net,Education,credit_card,LATAM,2023-10-27,completed,2,9.9,278.58,M1604,USD,v1
T00699,U411,1951.66,,Travel,crypto,LATAM,2024-03-06,refunded,9,0.0,329.2,M2127,GBP,v2
T00952,,2505.6,user369@hotmail.com,Finance,credit_card,MEA,2023-05-14,failed,4,19.0,446.26,M7723,GBP,v2
T01113,U644,4324.15,user644@hotmail.com,Travel,bank_transfer,CA-East,2024-01-18,refunded,5,24.5,565.52,M4009,USD,v2
T00442,U156,1822.48,user156@hotmail.com,Home & Garden,debit_card,US-East,2024-02-11,failed,6,20.6,193.4,M3037,GBP,v1
T00664,U188,2203.68,user188@outlook.com,Subscriptions,crypto,EU-North,2024-05-23,completed,4,28.7,383.4,M7690,INR,v2
T01177,U709,4377.41,user709@company.io,Finance,credit_card,EU-North,2024-07-20,completed,5,22.8,254.98,M4477,EUR,v2
T00318,U634,1547.45,user634@biz.net,Finance,bank_transfer,US-West,2023-02-21,refunded,3,21.3,253.96,M2928,EUR,v1
T00649,,453.89,user335@enterprise.com,Subscriptions,gift_card,APAC,2023-08-25,refunded,7,4.8,69.43,M4464,USD,v2
T00710,U211,1876.44,user211@gmail.com,Healthcare,credit_card,MEA,2024-05-19,pending,6,6.2,292.7,M7195,GBP,v2
T00973,U214,4359.19,user214@company.io,Gaming,gift_card,MEA,2023-11-10,completed,5,12.8,322.31,M2272,USD,v2
T00628,U873,1515.43,user873@hotmail.com,Groceries,credit_card,EU-North,2023-06-29,refunded,7,26.8,266.17,M6861,USD,v2
T00633,U204,1936.24,user204@datamail.co,Clothing,debit_card,APAC,2024-07-17,Completed,10,4.7,292.47,M5655,USD,v2
T00635,U989,253.05,user989@biz.net,Travel,debit_card,US-East,2023-03-20,pending,5,28.0,19.5,M9832,INR,v2
T01141,U497,3544.34,user497@enterprise.com,Groceries,bank_transfer,MEA,2023-12-13,pending,9,13.9,386.26,M9088,INR,v2
T00796,U891,1970.44,user891@biz.net,Travel,paypal,US-East,2023-05-24,completed,1,12.8,278.88,M8949,EUR,v2
T00646,U847,410.62,user847@corp.net,Healthcare,gift_card,US-West,2024-06-12,refunded,2,15.7,32.31,M9603,USD,v2
T01013,U445,1710.86,user445@company.io,Gaming,gift_card,LATAM,2024-07-10,FAILED,2,14.8,248.34,M4112,INR,v2
T00557,U743,4437.91,user743@yahoo.com,Home & Garden,crypto,APAC,2023-12-17,completed,6,10.1,589.92,M5271,GBP,v2
T00682,U711,1333.73,user711@enterprise.com,Groceries,debit_card,MEA,2024-01-31,failed,5,27.0,229.59,M8962,EUR,v2
T00578,U196,2574.37,user196@company.io,Healthcare,gift_card,US-East,2024-07-22,refunded,8,0.7,370.64,M6449,INR,v2
T00525,U497,3161.63,user497@techfirm.org,Education,gift_card,MEA,2023-01-15,refunded,9,18.1,283.6,M8560,INR,v2
T01060,U403,2115.81,user403@company.io,Groceries,paypal,US-East,2024-06-02,pending,10,29.8,146.78,M6041,USD,v2
T00541,U789,3088.51,user789@biz.net,Subscriptions,paypal,CA-East,2024-04-15,completed,1,24.0,200.51,M5960,USD,v2
T00749,U293,2575.75,user293@hotmail.com,Healthcare,paypal,CA-East,,completed,1,6.0,229.98,M7304,USD,v2
T01144,U680,869.14,user680@enterprise.com,Travel,gift_card,EU-North,2024-06-28,completed,7,28.4,54.92,M5114,USD,v2
T00485,U912,2384.07,user912@company.io,Travel,paypal,CA-East,2024-07-27,completed,10,28.6,327.64,M7040,INR,v1
T00096,U467,1731.11,user467@biz.net,Finance,paypal,CA-East,2023-05-07,refunded,1,22.8,213.53,M2070,CAD,v1
T01021,U855,3502.3,user855@hotmail.com,Electronics,crypto,EU-North,2023-06-26,Failed,3,28.8,553.28,M2281,EUR,v2
T00564,U782,2995.98,user782@techfirm.org,Groceries,gift_card,CA-East,2024-04-23,pending,7,6.6,526.95,M6771,GBP,v2
T00743,U750,2218.09,user750@gmail.com,Clothing,debit_card,EU-Central,2024-02-05,pending,1,15.7,200.96,M1067,INR,v2
T00864,U224,3251.06,user224@company.io,Finance,crypto,EU-Central,2023-09-10,completed,8,8.1,212.98,M9245,USD,v2
T00892,U956,3532.77,user956@company.io,Home & Garden,debit_card,EU-Central,2024-02-17,pending,5,23.7,431.01,M9133,USD,v2
T01039,U637,1711.04,user637@hotmail.com,Healthcare,debit_card,US-East,2024-03-15,completed,9,5.0,195.31,M2420,USD,v2
T00207,U946,1248.38,user946@corp.net,Gaming,paypal,EU-North,2024-08-02,failed,1,20.5,89.75,M2086,USD,v1
T00393,U334,2205.53,user334@outlook.com,Groceries,paypal,APAC,2023-08-21,completed,9,5.3,186.05,M8065,USD,v1
T00795,U403,30488.39,user403@gmail.com,Electronics,crypto,CA-East,2023-12-21,failed,9,17.2,464.54,M1153,EUR,v2
T00871,U302,2951.22,user302@enterprise.com,Electronics,debit_card,MEA,2024-08-10,pending,2,11.9,303.54,M1250,CAD,v2
T00398,U586,3678.93,user586@datamail.co,Healthcare,gift_card,CA-East,2024-09-19,completed,2,16.8,596.68,M2729,CAD,v1
T00767,U360,3181.5,user360@datamail.co,Subscriptions,paypal,APAC,2024-05-10,refunded,8,29.7,292.72,,CAD,v2
T01134,U899,2640.79,user899@yahoo.com,Education,crypto,EU-North,2024-07-02,completed,8,3.7,222.92,M1436,INR,v2
T01029,U479,1542.31,user479@biz.net,Gaming,credit_card,LATAM,2023-03-21,refunded,7,3.7,241.2,M6111,USD,v2
T00643,U939,819.35,user939@datamail.co,Gaming,credit_card,APAC,2023-10-20,refunded,9,29.3,135.78,M8576,GBP,v2
T00613,,-89.82,user232@outlook.com,Finance,gift_card,LATAM,,failed,2,23.8,81.7,M3790,CAD,v2
T00961,U322,3086.17,user322@techfirm.org,Subscriptions,debit_card,CA-East,2023-02-16,Completed,3,17.0,403.49,M8627,INR,v2
T00726,U745,2539.97,user745@enterprise.com,Clothing,credit_card,LATAM,2024-03-23,completed,1,5.8,191.71,M2509,USD,v2
T00684,U980,833.02,user980@yahoo.com,Education,credit_card,CA-East,2023-02-15,completed,5,3.0,61.3,M2060,INR,v2
T00099,U128,2442.01,user128@gmail.com,Finance,paypal,APAC,2024-05-07,completed,1,4.7,366.09,M5539,USD,v1
T00805,U115,772.12,user115@hotmail.com,Clothing,debit_card,LATAM,2023-01-19,completed,3,0.2,119.5,M8920,GBP,v2
T00407,U596,1149.96,user596@datamail.co,Gaming,debit_card,EU-North,2024-05-16,Completed,7,9.8,100.41,M2825,USD,v1
T00503,U422,707.7,user422@enterprise.com,Gaming,credit_card,EU-Central,2024-01-21,failed,2,22.3,58.11,M4136,USD,v2
T01072,U811,1514.01,user811@hotmail.com,Travel,bank_transfer,EU-Central,2023-09-30,completed,6,2.6,184.34,M4655,USD,v2
T01057,U877,574.2,user877@gmail.com,Finance,crypto,US-East,2024-07-02,completed,7,7.4,71.8,M8906,USD,v2
T00930,U543,1519.07,user543@yahoo.com,Finance,paypal,US-East,2023-10-03,completed,8,13.1,144.98,M3825,CAD,v2
T00780,,1024.98,user518@corp.net,Healthcare,debit_card,MEA,2024-01-08,pending,10,9.4,148.53,M8121,USD,v2
T00201,U866,1408.36,user866@outlook.com,Electronics,credit_card,MEA,2024-05-19,completed,4,24.5,224.69,M2189,CAD,v1
T00135,U709,4391.02,user709@gmail.com,Travel,credit_card,EU-Central,2023-10-24,failed,2,13.8,250.94,M7275,GBP,v1
T01052,U581,823.76,user581@enterprise.com,Gaming,gift_card,CA-East,2024-01-07,refunded,1,19.3,80.48,M4784,CAD,v2
T00041,U749,2673.76,user749@hotmail.com,Home & Garden,paypal,MEA,2023-04-18,completed,1,3.5,336.88,M3252,USD,v1
T01018,U881,3091.93,user881@corp.net,Gaming,crypto,LATAM,2024-01-25,COMPLETED,1,0.5,221.88,M9271,GBP,v2
T00231,U816,1715.27,user816@datamail.co,Healthcare,bank_transfer,LATAM,2023-04-17,completed,5,12.4,86.04,M1496,CAD,v1
T00379,U483,1513.61,user483@techfirm.org,Clothing,paypal,EU-Central,2023-03-11,completed,9,5.0,128.12,M3248,USD,v1
T00289,U105,2813.41,user105@enterprise.com,Healthcare,debit_card,MEA,2024-09-30,completed,8,6.0,435.48,M9118,EUR,v1
T00419,U872,4013.94,user872@yahoo.com,Home & Garden,crypto,LATAM,2024-07-05,pending,6,7.5,424.81,M1892,GBP,v1
T00392,U464,3442.99,user464@biz.net,Electronics,paypal,APAC,2023-09-30,completed,6,11.4,247.13,M8454,USD,v1
T00593,U169,839.66,user169@hotmail.com,Healthcare,debit_card,EU-North,2024-05-02,completed,1,13.7,64.81,M4389,CAD,v2
T01087,U897,1008.32,user897@biz.net,Travel,bank_transfer,EU-Central,2023-08-08,completed,5,25.7,81.58,M9362,CAD,v2
T00648,U804,0.0,user804@company.io,Home & Garden,bank_transfer,LATAM,2023-09-01,COMPLETED,7,7.0,623.36,M8945,CAD,v2
T00521,,2142.63,user306@hotmail.com,Groceries,gift_card,US-West,2024-07-20,completed,7,3.0,160.53,M1890,USD,v2
T00065,U491,2882.16,user491@outlook.com,Clothing,paypal,CA-East,2023-03-10,completed,8,29.7,353.93,M3437,INR,v1
T00015,U791,468.5,user791@outlook.com,Healthcare,gift_card,US-East,2023-08-06,refunded,10,18.7,60.28,M1933,GBP,v1
T01065,U382,4469.87,user382@hotmail.com,Groceries,debit_card,US-West,2024-09-07,completed,5,18.5,534.69,M3319,INR,v2
T00493,U868,2231.3,user868@datamail.co,Finance,debit_card,APAC,2023-11-23,completed,6,8.9,374.18,M8352,CAD,v1
T00380,U766,1713.26,user766@gmail.com,Education,debit_card,US-East,2023-11-24,completed,7,28.0,239.19,M6920,USD,v1
T00188,U843,2601.35,user843@company.io,Clothing,crypto,EU-North,2023-08-01,completed,9,14.7,423.02,M7910,USD,v1
T00764,U958,1473.68,user958@outlook.com,Electronics,gift_card,CA-East,2023-12-15,completed,3,14.7,132.83,M6757,USD,v2
T00217,U666,3107.59,user666@company.io,Subscriptions,debit_card,MEA,2024-03-15,pending,4,29.0,358.27,M3629,INR,v1
T00792,U481,277.4,user481@gmail.com,Subscriptions,bank_transfer,CA-East,2023-04-08,pending,2,5.4,31.62,M2600,USD,v2
T01077,U962,1572.86,user962@gmail.com,Groceries,gift_card,LATAM,2023-05-17,completed,8,20.5,166.1,M5578,USD,v2
T00879,U539,1105.37,user539@enterprise.com,Electronics,credit_card,EU-Central,2023-05-20,pending,10,13.2,115.7,M3197,GBP,v2
T00338,U260,3179.88,user260@techfirm.org,Subscriptions,paypal,EU-Central,2023-02-09,pending,10,12.2,178.44,M8985,USD,v1
T00720,U108,3085.21,user108@biz.net,Groceries,credit_card,US-East,2023-01-28,completed,8,14.9,281.82,M7641,INR,v2
T00296,U635,2310.77,user635@outlook.com,Healthcare,paypal,US-West,2024-07-25,completed,8,29.9,183.48,M3348,USD,v1
T01017,U264,3884.97,user264@outlook.com,Clothing,paypal,US-East,2024-06-05,completed,9,18.3,196.65,M2054,USD,v2
T00456,U551,1936.68,user551@biz.net,Groceries,paypal,CA-East,2023-10-17,completed,6,15.8,282.34,M2949,USD,v1
T00816,U699,1679.99,user699@corp.net,Groceries,crypto,MEA,2024-02-27,completed,8,22.6,253.58,M1745,CAD,v2
T00270,U882,813.64,user882@hotmail.com,Electronics,debit_card,MEA,2024-08-15,refunded,10,10.3,60.81,M1057,USD,v1
T00996,U763,3412.74,user763@enterprise.com,Home & Garden,credit_card,US-East,2023-04-08,refunded,3,9.4,311.93,M1582,USD,v2
T00202,U411,75.61,user411@enterprise.com,Home & Garden,paypal,LATAM,2024-06-06,completed,1,13.8,12.64,M2809,USD,v1
T00162,U855,128.77,user855@biz.net,Subscriptions,paypal,EU-North,2023-12-23,completed,3,0.8,7.08,M7640,CAD,v1
T00730,U789,1087.7,user789@biz.net,Finance,gift_card,LATAM,2024-09-04,pending,2,22.6,154.3,M7770,USD,v2
T00402,U109,128.31,user109@yahoo.com,Healthcare,debit_card,MEA,2024-09-29,completed,6,8.3,22.95,M7399,EUR,v1
T00703,U820,2418.26,user820@techfirm.org,Home & Garden,bank_transfer,EU-Central,2023-07-14,completed,8,0.6,267.13,M7826,USD,v2
T01130,U405,1120.72,user405@hotmail.com,Subscriptions,crypto,LATAM,2023-08-28,completed,8,29.3,112.15,M4431,EUR,v2
T00566,,613.84,user498@gmail.com,Finance,credit_card,US-West,2023-05-25,failed,9,12.6,108.7,M2042,CAD,v2
T01022,U303,3991.86,user303@enterprise.com,Education,paypal,LATAM,2023-05-12,pending,8,21.4,292.72,M6901,USD,v2
T01026,U672,23.42,user672@company.io,Healthcare,paypal,EU-Central,2023-02-10,completed,8,26.2,1.81,M1536,USD,v2
T01105,U533,2731.52,user533@corp.net,Home & Garden,bank_transfer,APAC,2023-04-19,completed,2,18.0,448.25,M8559,EUR,v2
T00206,U819,3067.64,user819@outlook.com,Electronics,paypal,MEA,2024-09-03,completed,9,10.2,203.89,M6588,GBP,v1
T00035,U716,2193.32,user716@hotmail.com,Subscriptions,paypal,EU-North,2023-04-30,failed,6,14.7,274.19,M3960,EUR,v1
T00776,U780,232.49,user780@corp.net,Finance,debit_card,US-East,2023-08-10,completed,3,26.9,38.9,M1405,EUR,v2
T00509,U305,3329.04,user305@gmail.com,Healthcare,bank_transfer,EU-Central,2024-06-25,refunded,7,8.1,411.35,M9864,USD,v2
T01183,U457,1695.56,user457@datamail.co,Education,gift_card,EU-North,2024-09-17,failed,4,20.5,184.51,M4197,USD,v2
T00092,U821,4037.51,user821@corp.net,Education,debit_card,CA-East,2024-09-29,completed,6,18.3,435.87,M8136,USD,v1
T00898,U502,163.16,user502@corp.net,Education,paypal,APAC,2023-01-12,completed,5,16.6,15.84,M5038,EUR,v2
T00565,U168,22.6,user168@yahoo.com,Clothing,paypal,US-West,2023-01-02,completed,5,1.3,1.18,M8310,GBP,v2
T00777,U721,3531.67,user721@yahoo.com,Clothing,credit_card,EU-North,2023-07-15,completed,7,5.4,266.73,M9106,USD,v2
T00242,U500,285.03,user500@corp.net,Healthcare,gift_card,US-East,2023-03-25,refunded,6,4.8,42.51,M2826,USD,v1
T00014,U842,4499.07,user842@datamail.co,Home & Garden,bank_transfer,MEA,2023-09-19,completed,9,25.3,610.23,M2292,USD,v1
T00316,U456,2405.21,user456@enterprise.com,Healthcare,bank_transfer,MEA,2024-04-07,pending,6,19.5,264.49,M3383,GBP,v1
T00601,U645,2253.68,user645@company.io,Finance,paypal,MEA,2023-09-08,failed,1,11.9,125.54,M7450,INR,v2
T00388,U866,30488.39,user866@gmail.com,Gaming,paypal,EU-Central,2023-01-17,completed,5,26.7,539.76,M2850,USD,v1
T00167,U840,3521.44,user840@techfirm.org,Subscriptions,bank_transfer,US-East,2023-02-15,failed,7,18.9,217.31,M9373,CAD,v1
T00841,U334,1435.74,user334@gmail.com,Home & Garden,gift_card,CA-East,2023-12-08,completed,7,24.7,170.44,M1042,USD,v2
T00021,U775,3921.41,user775@hotmail.com,Education,gift_card,US-West,2023-08-05,refunded,10,19.7,526.05,M6418,USD,v1
T00647,U352,310.38,user352@gmail.com,Healthcare,paypal,LATAM,2023-04-13,completed,2,29.7,22.91,M9032,CAD,v2
T01155,,1715.95,user320@biz.net,Finance,credit_card,US-East,2023-02-21,completed,5,27.4,126.41,M5244,GBP,v2
T00832,U986,3430.48,user986@yahoo.com,Gaming,crypto,MEA,2023-01-17,refunded,9,6.4,532.95,M7024,USD,v2
T00563,U630,1006.88,user630@biz.net,Groceries,credit_card,LATAM,2023-05-07,failed,1,23.2,80.27,M2485,USD,v2
T00103,U308,-89.82,user308@yahoo.com,Gaming,debit_card,MEA,2023-03-04,completed,10,11.3,480.35,M1018,CAD,v1
T00687,U605,4013.98,user605@enterprise.com,Education,bank_transfer,EU-North,2023-04-16,completed,5,26.3,526.74,M3342,INR,v2
T00958,U869,2914.73,user869@outlook.com,Electronics,gift_card,LATAM,2023-05-18,completed,9,8.1,404.65,M4352,USD,v2
T00190,U737,2016.13,user737@enterprise.com,Gaming,debit_card,EU-North,2024-01-10,completed,10,11.7,269.83,M9100,USD,v1
T00976,U664,567.19,user664@gmail.com,Gaming,paypal,EU-North,2023-10-31,completed,5,7.5,74.04,M3342,CAD,v2
T00700,U211,2382.94,user211@company.io,Home & Garden,paypal,CA-East,2023-02-25,completed,5,21.8,171.19,M3627,EUR,v2
T00511,U691,2228.75,user691@hotmail.com,Finance,debit_card,APAC,2024-02-11,failed,3,2.7,212.66,M4583,GBP,v2
T01083,U466,1095.7,user466@techfirm.org,Finance,gift_card,EU-Central,2023-11-08,failed,7,17.6,179.37,M2490,INR,v2
T00475,U760,3357.1,user760@techfirm.org,Education,bank_transfer,EU-Central,2023-05-05,refunded,5,8.3,601.63,M1654,USD,v1
T00857,U877,1247.67,user877@corp.net,Electronics,crypto,US-West,2023-01-11,pending,4,11.4,87.61,M1587,USD,v2
T00748,U109,3117.11,user109@techfirm.org,Subscriptions,debit_card,US-West,2023-11-22,refunded,1,11.0,234.73,M5977,INR,v2
T00253,U395,4431.43,user395@company.io,Subscriptions,bank_transfer,CA-East,2023-01-28,pending,9,20.6,501.7,M5408,INR,v1
T00022,U759,1934.79,user759@techfirm.org,Home & Garden,paypal,EU-North,2023-09-18,completed,4,28.2,183.45,M3384,CAD,v1
T00460,U775,1285.7,user775@enterprise.com,Travel,credit_card,US-West,2024-06-08,completed,4,27.8,174.35,M4986,CAD,v1
T01185,U207,221.24,user207@company.io,Healthcare,crypto,CA-East,2024-07-07,completed,6,24.2,25.29,M7534,CAD,v2
T00277,U422,1089.17,user422@techfirm.org,Healthcare,credit_card,EU-North,2024-09-18,completed,5,17.6,147.61,M2433,USD,v1
T00956,U773,4403.37,user773@hotmail.com,Education,gift_card,MEA,2024-04-19,completed,8,5.5,728.81,M5967,USD,v2
T00245,U349,2543.48,user349@datamail.co,Subscriptions,credit_card,EU-Central,2024-01-22,failed,3,10.1,301.6,M6559,EUR,v1
T00386,U854,932.48,user854@techfirm.org,Healthcare,crypto,EU-North,2023-12-03,completed,10,3.9,149.79,M9393,USD,v1
T00806,U224,2873.57,user224@hotmail.com,Home & Garden,bank_transfer,MEA,2024-02-03,completed,8,21.5,301.76,M6872,USD,v2
T00344,U255,462.58,user255@techfirm.org,Clothing,debit_card,CA-East,2023-06-11,completed,8,26.9,42.5,M9276,USD,v1
T00770,U242,1166.05,user242@biz.net,Healthcare,credit_card,US-West,2024-06-16,completed,2,2.7,165.27,M1352,USD,v2
T00131,U870,2415.13,user870@datamail.co,Groceries,paypal,APAC,2024-03-22,Completed,9,23.2,271.81,M5959,USD,v1
T00872,U169,201.05,user169@corp.net,Home & Garden,debit_card,CA-East,2024-09-30,refunded,8,14.8,20.0,M8867,USD,v2
T01124,U104,2073.09,user104@hotmail.com,Education,debit_card,MEA,2023-09-09,REFUNDED,1,23.3,135.48,M7747,USD,v2
T00088,U765,3153.67,user765@yahoo.com,Travel,gift_card,US-East,2023-07-04,Completed,9,28.5,269.57,M7091,CAD,v1
T00331,U827,920.13,user827@company.io,Healthcare,paypal,MEA,2023-05-26,completed,5,5.3,64.01,M1464,EUR,v1
T00467,U419,2120.17,user419@yahoo.com,Education,debit_card,CA-East,2024-07-19,completed,2,3.4,134.41,M4705,USD,v1
T00122,U842,2319.92,user842@gmail.com,Subscriptions,paypal,EU-North,2024-09-24,completed,5,17.8,186.9,M7806,USD,v1
T01045,U803,918.54,user803@hotmail.com,Education,gift_card,CA-East,2024-04-06,COMPLETED,6,1.1,116.05,M6347,USD,v2
T01096,U777,3533.88,user777@hotmail.com,Healthcare,bank_transfer,EU-Central,2024-06-07,completed,10,1.1,430.71,M1480,GBP,v2
T01131,U750,1633.88,user750@hotmail.com,Groceries,gift_card,US-East,2023-05-18,completed,1,28.1,239.26,M3725,USD,v2
T00861,U438,3157.23,user438@gmail.com,Finance,bank_transfer,CA-East,2023-01-22,failed,7,11.4,251.34,M4270,GBP,v2
T01127,U483,2686.05,user483@yahoo.com,Finance,gift_card,LATAM,2023-09-11,completed,10,20.8,474.3,M6837,USD,v2
